sensor_type,device_type,timestamps,90minutes_from_bedtime
90_mintues_from_bedtime,smartwatch,3.154e+16,0.0
90_mintues_from_bedtime,smartwatch,3.154003e+16,0.021739130434782608
90_mintues_from_bedtime,smartwatch,3.154006e+16,0.043478260869565216
90_mintues_from_bedtime,smartwatch,3.154009e+16,0.06521739130434782
90_mintues_from_bedtime,smartwatch,3.154012e+16,0.08695652173913043
90_mintues_from_bedtime,smartwatch,3.154015e+16,0.10869565217391304
90_mintues_from_bedtime,smartwatch,3.154018e+16,0.13043478260869565
90_mintues_from_bedtime,smartwatch,3.154021e+16,0.15217391304347827
90_mintues_from_bedtime,smartwatch,3.154024e+16,0.17391304347826086
90_mintues_from_bedtime,smartwatch,3.154027e+16,0.19565217391304346
90_mintues_from_bedtime,smartwatch,3.15403e+16,0.21739130434782608
90_mintues_from_bedtime,smartwatch,3.154033e+16,0.2391304347826087
90_mintues_from_bedtime,smartwatch,3.154036e+16,0.2608695652173913
90_mintues_from_bedtime,smartwatch,3.154039e+16,0.2826086956521739
90_mintues_from_bedtime,smartwatch,3.154042e+16,0.30434782608695654
90_mintues_from_bedtime,smartwatch,3.154045e+16,0.32608695652173914
90_mintues_from_bedtime,smartwatch,3.154048e+16,0.34782608695652173
90_mintues_from_bedtime,smartwatch,3.154051e+16,0.3695652173913043
90_mintues_from_bedtime,smartwatch,3.154054e+16,0.3913043478260869
90_mintues_from_bedtime,smartwatch,3.154057e+16,0.41304347826086957
90_mintues_from_bedtime,smartwatch,3.15406e+16,0.43478260869565216
90_mintues_from_bedtime,smartwatch,3.154063e+16,0.45652173913043476
90_mintues_from_bedtime,smartwatch,3.154066e+16,0.4782608695652174
90_mintues_from_bedtime,smartwatch,3.154069e+16,0.5
90_mintues_from_bedtime,smartwatch,3.154072e+16,0.5217391304347826
90_mintues_from_bedtime,smartwatch,3.154075e+16,0.5434782608695652
90_mintues_from_bedtime,smartwatch,3.154078e+16,0.5652173913043478
90_mintues_from_bedtime,smartwatch,3.154081e+16,0.5869565217391304
90_mintues_from_bedtime,smartwatch,3.154084e+16,0.6086956521739131
90_mintues_from_bedtime,smartwatch,3.154087e+16,0.6304347826086957
90_mintues_from_bedtime,smartwatch,3.15409e+16,0.6521739130434783
90_mintues_from_bedtime,smartwatch,3.154093e+16,0.6739130434782609
90_mintues_from_bedtime,smartwatch,3.154096e+16,0.6956521739130435
90_mintues_from_bedtime,smartwatch,3.154099e+16,0.717391304347826
90_mintues_from_bedtime,smartwatch,3.154102e+16,0.7391304347826086
90_mintues_from_bedtime,smartwatch,3.154105e+16,0.7608695652173912
90_mintues_from_bedtime,smartwatch,3.154108e+16,0.7826086956521738
90_mintues_from_bedtime,smartwatch,3.154111e+16,0.8043478260869565
90_mintues_from_bedtime,smartwatch,3.154114e+16,0.8260869565217391
90_mintues_from_bedtime,smartwatch,3.154117e+16,0.8478260869565217
90_mintues_from_bedtime,smartwatch,3.15412e+16,0.8695652173913043
90_mintues_from_bedtime,smartwatch,3.154123e+16,0.8913043478260869
90_mintues_from_bedtime,smartwatch,3.154126e+16,0.9130434782608695
90_mintues_from_bedtime,smartwatch,3.154129e+16,0.9347826086956521
90_mintues_from_bedtime,smartwatch,3.154132e+16,0.9565217391304348
90_mintues_from_bedtime,smartwatch,3.154135e+16,0.9782608695652174
90_mintues_from_bedtime,smartwatch,3.154138e+16,0.9782608695652174
90_mintues_from_bedtime,smartwatch,3.154141e+16,0.9565217391304348
90_mintues_from_bedtime,smartwatch,3.154144e+16,0.9347826086956521
90_mintues_from_bedtime,smartwatch,3.154147e+16,0.9130434782608695
90_mintues_from_bedtime,smartwatch,3.15415e+16,0.8913043478260869
90_mintues_from_bedtime,smartwatch,3.154153e+16,0.8695652173913043
90_mintues_from_bedtime,smartwatch,3.154156e+16,0.8478260869565217
90_mintues_from_bedtime,smartwatch,3.154159e+16,0.8260869565217391
90_mintues_from_bedtime,smartwatch,3.154162e+16,0.8043478260869565
90_mintues_from_bedtime,smartwatch,3.154165e+16,0.7826086956521738
90_mintues_from_bedtime,smartwatch,3.154168e+16,0.7608695652173912
90_mintues_from_bedtime,smartwatch,3.154171e+16,0.7391304347826086
90_mintues_from_bedtime,smartwatch,3.154174e+16,0.717391304347826
90_mintues_from_bedtime,smartwatch,3.154177e+16,0.6956521739130435
90_mintues_from_bedtime,smartwatch,3.15418e+16,0.6739130434782609
90_mintues_from_bedtime,smartwatch,3.154183e+16,0.6521739130434783
90_mintues_from_bedtime,smartwatch,3.154186e+16,0.6304347826086957
90_mintues_from_bedtime,smartwatch,3.154189e+16,0.6086956521739131
90_mintues_from_bedtime,smartwatch,3.154192e+16,0.5869565217391304
90_mintues_from_bedtime,smartwatch,3.154195e+16,0.5652173913043478
90_mintues_from_bedtime,smartwatch,3.154198e+16,0.5434782608695652
90_mintues_from_bedtime,smartwatch,3.154201e+16,0.5217391304347826
90_mintues_from_bedtime,smartwatch,3.154204e+16,0.5
90_mintues_from_bedtime,smartwatch,3.154207e+16,0.4782608695652174
90_mintues_from_bedtime,smartwatch,3.15421e+16,0.45652173913043476
90_mintues_from_bedtime,smartwatch,3.154213e+16,0.43478260869565216
90_mintues_from_bedtime,smartwatch,3.154216e+16,0.41304347826086957
90_mintues_from_bedtime,smartwatch,3.154219e+16,0.3913043478260869
90_mintues_from_bedtime,smartwatch,3.154222e+16,0.3695652173913043
90_mintues_from_bedtime,smartwatch,3.154225e+16,0.34782608695652173
90_mintues_from_bedtime,smartwatch,3.154228e+16,0.32608695652173914
90_mintues_from_bedtime,smartwatch,3.154231e+16,0.30434782608695654
90_mintues_from_bedtime,smartwatch,3.154234e+16,0.2826086956521739
90_mintues_from_bedtime,smartwatch,3.154237e+16,0.2608695652173913
90_mintues_from_bedtime,smartwatch,3.15424e+16,0.2391304347826087
90_mintues_from_bedtime,smartwatch,3.154243e+16,0.21739130434782608
90_mintues_from_bedtime,smartwatch,3.154246e+16,0.19565217391304346
90_mintues_from_bedtime,smartwatch,3.154249e+16,0.17391304347826086
90_mintues_from_bedtime,smartwatch,3.154252e+16,0.15217391304347827
90_mintues_from_bedtime,smartwatch,3.154255e+16,0.13043478260869565
90_mintues_from_bedtime,smartwatch,3.154258e+16,0.10869565217391304
90_mintues_from_bedtime,smartwatch,3.154261e+16,0.08695652173913043
90_mintues_from_bedtime,smartwatch,3.154264e+16,0.06521739130434782
90_mintues_from_bedtime,smartwatch,3.154267e+16,0.043478260869565216
90_mintues_from_bedtime,smartwatch,3.15427e+16,0.021739130434782608
90_mintues_from_bedtime,smartwatch,3.154273e+16,0.0
90_mintues_from_bedtime,smartwatch,3.154276e+16,-0.0
90_mintues_from_bedtime,smartwatch,3.154279e+16,-0.021739130434782608
90_mintues_from_bedtime,smartwatch,3.154282e+16,-0.043478260869565216
90_mintues_from_bedtime,smartwatch,3.154285e+16,-0.06521739130434782
90_mintues_from_bedtime,smartwatch,3.154288e+16,-0.08695652173913043
90_mintues_from_bedtime,smartwatch,3.154291e+16,-0.10869565217391304
90_mintues_from_bedtime,smartwatch,3.154294e+16,-0.13043478260869565
90_mintues_from_bedtime,smartwatch,3.154297e+16,-0.15217391304347827
90_mintues_from_bedtime,smartwatch,3.1543e+16,-0.17391304347826086
90_mintues_from_bedtime,smartwatch,3.154303e+16,-0.19565217391304346
90_mintues_from_bedtime,smartwatch,3.154306e+16,-0.21739130434782608
90_mintues_from_bedtime,smartwatch,3.154309e+16,-0.2391304347826087
90_mintues_from_bedtime,smartwatch,3.154312e+16,-0.2608695652173913
90_mintues_from_bedtime,smartwatch,3.154315e+16,-0.2826086956521739
90_mintues_from_bedtime,smartwatch,3.154318e+16,-0.30434782608695654
90_mintues_from_bedtime,smartwatch,3.154321e+16,-0.32608695652173914
90_mintues_from_bedtime,smartwatch,3.154324e+16,-0.34782608695652173
90_mintues_from_bedtime,smartwatch,3.154327e+16,-0.3695652173913043
90_mintues_from_bedtime,smartwatch,3.15433e+16,-0.3913043478260869
90_mintues_from_bedtime,smartwatch,3.154333e+16,-0.41304347826086957
90_mintues_from_bedtime,smartwatch,3.154336e+16,-0.43478260869565216
90_mintues_from_bedtime,smartwatch,3.154339e+16,-0.45652173913043476
90_mintues_from_bedtime,smartwatch,3.154342e+16,-0.4782608695652174
90_mintues_from_bedtime,smartwatch,3.154345e+16,-0.5
90_mintues_from_bedtime,smartwatch,3.154348e+16,-0.5217391304347826
90_mintues_from_bedtime,smartwatch,3.154351e+16,-0.5434782608695652
90_mintues_from_bedtime,smartwatch,3.154354e+16,-0.5652173913043478
90_mintues_from_bedtime,smartwatch,3.154357e+16,-0.5869565217391304
90_mintues_from_bedtime,smartwatch,3.15436e+16,-0.6086956521739131
90_mintues_from_bedtime,smartwatch,3.154363e+16,-0.6304347826086957
90_mintues_from_bedtime,smartwatch,3.154366e+16,-0.6521739130434783
90_mintues_from_bedtime,smartwatch,3.154369e+16,-0.6739130434782609
90_mintues_from_bedtime,smartwatch,3.154372e+16,-0.6956521739130435
90_mintues_from_bedtime,smartwatch,3.154375e+16,-0.717391304347826
90_mintues_from_bedtime,smartwatch,3.154378e+16,-0.7391304347826086
90_mintues_from_bedtime,smartwatch,3.154381e+16,-0.7608695652173912
90_mintues_from_bedtime,smartwatch,3.154384e+16,-0.7826086956521738
90_mintues_from_bedtime,smartwatch,3.154387e+16,-0.8043478260869565
90_mintues_from_bedtime,smartwatch,3.15439e+16,-0.8260869565217391
90_mintues_from_bedtime,smartwatch,3.154393e+16,-0.8478260869565217
90_mintues_from_bedtime,smartwatch,3.154396e+16,-0.8695652173913043
90_mintues_from_bedtime,smartwatch,3.154399e+16,-0.8913043478260869
90_mintues_from_bedtime,smartwatch,3.154402e+16,-0.9130434782608695
90_mintues_from_bedtime,smartwatch,3.154405e+16,-0.9347826086956521
90_mintues_from_bedtime,smartwatch,3.154408e+16,-0.9565217391304348
90_mintues_from_bedtime,smartwatch,3.154411e+16,-0.9782608695652174
90_mintues_from_bedtime,smartwatch,3.154414e+16,-0.9782608695652174
90_mintues_from_bedtime,smartwatch,3.154417e+16,-0.9565217391304348
90_mintues_from_bedtime,smartwatch,3.15442e+16,-0.9347826086956521
90_mintues_from_bedtime,smartwatch,3.154423e+16,-0.9130434782608695
90_mintues_from_bedtime,smartwatch,3.154426e+16,-0.8913043478260869
90_mintues_from_bedtime,smartwatch,3.154429e+16,-0.8695652173913043
90_mintues_from_bedtime,smartwatch,3.154432e+16,-0.8478260869565217
90_mintues_from_bedtime,smartwatch,3.154435e+16,-0.8260869565217391
90_mintues_from_bedtime,smartwatch,3.154438e+16,-0.8043478260869565
90_mintues_from_bedtime,smartwatch,3.154441e+16,-0.7826086956521738
90_mintues_from_bedtime,smartwatch,3.154444e+16,-0.7608695652173912
90_mintues_from_bedtime,smartwatch,3.154447e+16,-0.7391304347826086
90_mintues_from_bedtime,smartwatch,3.15445e+16,-0.717391304347826
90_mintues_from_bedtime,smartwatch,3.154453e+16,-0.6956521739130435
90_mintues_from_bedtime,smartwatch,3.154456e+16,-0.6739130434782609
90_mintues_from_bedtime,smartwatch,3.154459e+16,-0.6521739130434783
90_mintues_from_bedtime,smartwatch,3.154462e+16,-0.6304347826086957
90_mintues_from_bedtime,smartwatch,3.154465e+16,-0.6086956521739131
90_mintues_from_bedtime,smartwatch,3.154468e+16,-0.5869565217391304
90_mintues_from_bedtime,smartwatch,3.154471e+16,-0.5652173913043478
90_mintues_from_bedtime,smartwatch,3.154474e+16,-0.5434782608695652
90_mintues_from_bedtime,smartwatch,3.154477e+16,-0.5217391304347826
90_mintues_from_bedtime,smartwatch,3.15448e+16,-0.5
90_mintues_from_bedtime,smartwatch,3.154483e+16,-0.4782608695652174
90_mintues_from_bedtime,smartwatch,3.154486e+16,-0.45652173913043476
90_mintues_from_bedtime,smartwatch,3.154489e+16,-0.43478260869565216
90_mintues_from_bedtime,smartwatch,3.154492e+16,-0.41304347826086957
90_mintues_from_bedtime,smartwatch,3.154495e+16,-0.3913043478260869
90_mintues_from_bedtime,smartwatch,3.154498e+16,-0.3695652173913043
90_mintues_from_bedtime,smartwatch,3.154501e+16,-0.34782608695652173
90_mintues_from_bedtime,smartwatch,3.154504e+16,-0.32608695652173914
90_mintues_from_bedtime,smartwatch,3.154507e+16,-0.30434782608695654
90_mintues_from_bedtime,smartwatch,3.15451e+16,-0.2826086956521739
90_mintues_from_bedtime,smartwatch,3.154513e+16,-0.2608695652173913
90_mintues_from_bedtime,smartwatch,3.154516e+16,-0.2391304347826087
90_mintues_from_bedtime,smartwatch,3.154519e+16,-0.21739130434782608
90_mintues_from_bedtime,smartwatch,3.154522e+16,-0.19565217391304346
90_mintues_from_bedtime,smartwatch,3.154525e+16,-0.17391304347826086
90_mintues_from_bedtime,smartwatch,3.154528e+16,-0.15217391304347827
90_mintues_from_bedtime,smartwatch,3.154531e+16,-0.13043478260869565
90_mintues_from_bedtime,smartwatch,3.154534e+16,-0.10869565217391304
90_mintues_from_bedtime,smartwatch,3.154537e+16,-0.08695652173913043
90_mintues_from_bedtime,smartwatch,3.15454e+16,-0.06521739130434782
90_mintues_from_bedtime,smartwatch,3.154543e+16,-0.043478260869565216
90_mintues_from_bedtime,smartwatch,3.154546e+16,-0.021739130434782608
90_mintues_from_bedtime,smartwatch,3.154549e+16,-0.0
90_mintues_from_bedtime,smartwatch,3.154552e+16,0.0
90_mintues_from_bedtime,smartwatch,3.154555e+16,0.021739130434782608
90_mintues_from_bedtime,smartwatch,3.154558e+16,0.043478260869565216
90_mintues_from_bedtime,smartwatch,3.154561e+16,0.06521739130434782
90_mintues_from_bedtime,smartwatch,3.154564e+16,0.08695652173913043
90_mintues_from_bedtime,smartwatch,3.154567e+16,0.10869565217391304
90_mintues_from_bedtime,smartwatch,3.15457e+16,0.13043478260869565
90_mintues_from_bedtime,smartwatch,3.154573e+16,0.15217391304347827
90_mintues_from_bedtime,smartwatch,3.154576e+16,0.17391304347826086
90_mintues_from_bedtime,smartwatch,3.154579e+16,0.19565217391304346
90_mintues_from_bedtime,smartwatch,3.154582e+16,0.21739130434782608
90_mintues_from_bedtime,smartwatch,3.154585e+16,0.2391304347826087
90_mintues_from_bedtime,smartwatch,3.154588e+16,0.2608695652173913
90_mintues_from_bedtime,smartwatch,3.154591e+16,0.2826086956521739
90_mintues_from_bedtime,smartwatch,3.154594e+16,0.30434782608695654
90_mintues_from_bedtime,smartwatch,3.154597e+16,0.32608695652173914
90_mintues_from_bedtime,smartwatch,3.1546e+16,0.34782608695652173
90_mintues_from_bedtime,smartwatch,3.154603e+16,0.3695652173913043
90_mintues_from_bedtime,smartwatch,3.154606e+16,0.3913043478260869
90_mintues_from_bedtime,smartwatch,3.154609e+16,0.41304347826086957
90_mintues_from_bedtime,smartwatch,3.154612e+16,0.43478260869565216
90_mintues_from_bedtime,smartwatch,3.154615e+16,0.45652173913043476
90_mintues_from_bedtime,smartwatch,3.154618e+16,0.4782608695652174
90_mintues_from_bedtime,smartwatch,3.154621e+16,0.5
90_mintues_from_bedtime,smartwatch,3.154624e+16,0.5217391304347826
90_mintues_from_bedtime,smartwatch,3.154627e+16,0.5434782608695652
90_mintues_from_bedtime,smartwatch,3.15463e+16,0.5652173913043478
90_mintues_from_bedtime,smartwatch,3.154633e+16,0.5869565217391304
90_mintues_from_bedtime,smartwatch,3.154636e+16,0.6086956521739131
90_mintues_from_bedtime,smartwatch,3.154639e+16,0.6304347826086957
90_mintues_from_bedtime,smartwatch,3.154642e+16,0.6521739130434783
90_mintues_from_bedtime,smartwatch,3.154645e+16,0.6739130434782609
90_mintues_from_bedtime,smartwatch,3.154648e+16,0.6956521739130435
90_mintues_from_bedtime,smartwatch,3.154651e+16,0.717391304347826
90_mintues_from_bedtime,smartwatch,3.154654e+16,0.7391304347826086
90_mintues_from_bedtime,smartwatch,3.154657e+16,0.7608695652173912
90_mintues_from_bedtime,smartwatch,3.15466e+16,0.7826086956521738
90_mintues_from_bedtime,smartwatch,3.154663e+16,0.8043478260869565
90_mintues_from_bedtime,smartwatch,3.154666e+16,0.8260869565217391
90_mintues_from_bedtime,smartwatch,3.154669e+16,0.8478260869565217
90_mintues_from_bedtime,smartwatch,3.154672e+16,0.8695652173913043
90_mintues_from_bedtime,smartwatch,3.154675e+16,0.8913043478260869
90_mintues_from_bedtime,smartwatch,3.154678e+16,0.9130434782608695
90_mintues_from_bedtime,smartwatch,3.154681e+16,0.9347826086956521
90_mintues_from_bedtime,smartwatch,3.154684e+16,0.9565217391304348
90_mintues_from_bedtime,smartwatch,3.154687e+16,0.9782608695652174
90_mintues_from_bedtime,smartwatch,3.15469e+16,0.9782608695652174
90_mintues_from_bedtime,smartwatch,3.154693e+16,0.9565217391304348
90_mintues_from_bedtime,smartwatch,3.154696e+16,0.9347826086956521
90_mintues_from_bedtime,smartwatch,3.154699e+16,0.9130434782608695
90_mintues_from_bedtime,smartwatch,3.154702e+16,0.8913043478260869
90_mintues_from_bedtime,smartwatch,3.154705e+16,0.8695652173913043
90_mintues_from_bedtime,smartwatch,3.154708e+16,0.8478260869565217
90_mintues_from_bedtime,smartwatch,3.154711e+16,0.8260869565217391
90_mintues_from_bedtime,smartwatch,3.154714e+16,0.8043478260869565
90_mintues_from_bedtime,smartwatch,3.154717e+16,0.7826086956521738
90_mintues_from_bedtime,smartwatch,3.15472e+16,0.7608695652173912
90_mintues_from_bedtime,smartwatch,3.154723e+16,0.7391304347826086
90_mintues_from_bedtime,smartwatch,3.154726e+16,0.717391304347826
90_mintues_from_bedtime,smartwatch,3.154729e+16,0.6956521739130435
90_mintues_from_bedtime,smartwatch,3.154732e+16,0.6739130434782609
90_mintues_from_bedtime,smartwatch,3.154735e+16,0.6521739130434783
90_mintues_from_bedtime,smartwatch,3.154738e+16,0.6304347826086957
90_mintues_from_bedtime,smartwatch,3.154741e+16,0.6086956521739131
90_mintues_from_bedtime,smartwatch,3.154744e+16,0.5869565217391304
90_mintues_from_bedtime,smartwatch,3.154747e+16,0.5652173913043478
90_mintues_from_bedtime,smartwatch,3.15475e+16,0.5434782608695652
90_mintues_from_bedtime,smartwatch,3.154753e+16,0.5217391304347826
90_mintues_from_bedtime,smartwatch,3.154756e+16,0.5
90_mintues_from_bedtime,smartwatch,3.154759e+16,0.4782608695652174
90_mintues_from_bedtime,smartwatch,3.154762e+16,0.45652173913043476
90_mintues_from_bedtime,smartwatch,3.154765e+16,0.43478260869565216
90_mintues_from_bedtime,smartwatch,3.154768e+16,0.41304347826086957
90_mintues_from_bedtime,smartwatch,3.154771e+16,0.3913043478260869
90_mintues_from_bedtime,smartwatch,3.154774e+16,0.3695652173913043
90_mintues_from_bedtime,smartwatch,3.154777e+16,0.34782608695652173
90_mintues_from_bedtime,smartwatch,3.15478e+16,0.32608695652173914
90_mintues_from_bedtime,smartwatch,3.154783e+16,0.30434782608695654
90_mintues_from_bedtime,smartwatch,3.154786e+16,0.2826086956521739
90_mintues_from_bedtime,smartwatch,3.154789e+16,0.2608695652173913
90_mintues_from_bedtime,smartwatch,3.154792e+16,0.2391304347826087
90_mintues_from_bedtime,smartwatch,3.154795e+16,0.21739130434782608
90_mintues_from_bedtime,smartwatch,3.154798e+16,0.19565217391304346
90_mintues_from_bedtime,smartwatch,3.154801e+16,0.17391304347826086
90_mintues_from_bedtime,smartwatch,3.154804e+16,0.15217391304347827
90_mintues_from_bedtime,smartwatch,3.154807e+16,0.13043478260869565
90_mintues_from_bedtime,smartwatch,3.15481e+16,0.10869565217391304
90_mintues_from_bedtime,smartwatch,3.154813e+16,0.08695652173913043
90_mintues_from_bedtime,smartwatch,3.154816e+16,0.06521739130434782
90_mintues_from_bedtime,smartwatch,3.154819e+16,0.043478260869565216
90_mintues_from_bedtime,smartwatch,3.154822e+16,0.021739130434782608
90_mintues_from_bedtime,smartwatch,3.154825e+16,0.0
90_mintues_from_bedtime,smartwatch,3.154828e+16,-0.0
90_mintues_from_bedtime,smartwatch,3.154831e+16,-0.021739130434782608
90_mintues_from_bedtime,smartwatch,3.154834e+16,-0.043478260869565216
90_mintues_from_bedtime,smartwatch,3.154837e+16,-0.06521739130434782
90_mintues_from_bedtime,smartwatch,3.15484e+16,-0.08695652173913043
90_mintues_from_bedtime,smartwatch,3.154843e+16,-0.10869565217391304
90_mintues_from_bedtime,smartwatch,3.154846e+16,-0.13043478260869565
90_mintues_from_bedtime,smartwatch,3.154849e+16,-0.15217391304347827
90_mintues_from_bedtime,smartwatch,3.154852e+16,-0.17391304347826086
90_mintues_from_bedtime,smartwatch,3.154855e+16,-0.19565217391304346
90_mintues_from_bedtime,smartwatch,3.154858e+16,-0.21739130434782608
90_mintues_from_bedtime,smartwatch,3.154861e+16,-0.2391304347826087
90_mintues_from_bedtime,smartwatch,3.154864e+16,-0.2608695652173913
90_mintues_from_bedtime,smartwatch,3.154867e+16,-0.2826086956521739
90_mintues_from_bedtime,smartwatch,3.15487e+16,-0.30434782608695654
90_mintues_from_bedtime,smartwatch,3.154873e+16,-0.32608695652173914
90_mintues_from_bedtime,smartwatch,3.154876e+16,-0.34782608695652173
90_mintues_from_bedtime,smartwatch,3.154879e+16,-0.3695652173913043
90_mintues_from_bedtime,smartwatch,3.154882e+16,-0.3913043478260869
90_mintues_from_bedtime,smartwatch,3.154885e+16,-0.41304347826086957
90_mintues_from_bedtime,smartwatch,3.154888e+16,-0.43478260869565216
90_mintues_from_bedtime,smartwatch,3.154891e+16,-0.45652173913043476
90_mintues_from_bedtime,smartwatch,3.154894e+16,-0.4782608695652174
90_mintues_from_bedtime,smartwatch,3.154897e+16,-0.5
90_mintues_from_bedtime,smartwatch,3.1549e+16,-0.5217391304347826
90_mintues_from_bedtime,smartwatch,3.154903e+16,-0.5434782608695652
90_mintues_from_bedtime,smartwatch,3.154906e+16,-0.5652173913043478
90_mintues_from_bedtime,smartwatch,3.154909e+16,-0.5869565217391304
90_mintues_from_bedtime,smartwatch,3.154912e+16,-0.6086956521739131
90_mintues_from_bedtime,smartwatch,3.154915e+16,-0.6304347826086957
90_mintues_from_bedtime,smartwatch,3.154918e+16,-0.6521739130434783
90_mintues_from_bedtime,smartwatch,3.154921e+16,-0.6739130434782609
90_mintues_from_bedtime,smartwatch,3.154924e+16,-0.6956521739130435
90_mintues_from_bedtime,smartwatch,3.154927e+16,-0.717391304347826
90_mintues_from_bedtime,smartwatch,3.15493e+16,-0.7391304347826086
90_mintues_from_bedtime,smartwatch,3.154933e+16,-0.7608695652173912
90_mintues_from_bedtime,smartwatch,3.154936e+16,-0.7826086956521738
90_mintues_from_bedtime,smartwatch,3.154939e+16,-0.8043478260869565
90_mintues_from_bedtime,smartwatch,3.154942e+16,-0.8260869565217391
90_mintues_from_bedtime,smartwatch,3.154945e+16,-0.8478260869565217
90_mintues_from_bedtime,smartwatch,3.154948e+16,-0.8695652173913043
90_mintues_from_bedtime,smartwatch,3.154951e+16,-0.8913043478260869
90_mintues_from_bedtime,smartwatch,3.154954e+16,-0.9130434782608695
90_mintues_from_bedtime,smartwatch,3.154957e+16,-0.9347826086956521
90_mintues_from_bedtime,smartwatch,3.15496e+16,-0.9565217391304348
90_mintues_from_bedtime,smartwatch,3.154963e+16,-0.9782608695652174
90_mintues_from_bedtime,smartwatch,3.154966e+16,-0.9782608695652174
90_mintues_from_bedtime,smartwatch,3.154969e+16,-0.9565217391304348
90_mintues_from_bedtime,smartwatch,3.154972e+16,-0.9347826086956521
90_mintues_from_bedtime,smartwatch,3.154975e+16,-0.9130434782608695
90_mintues_from_bedtime,smartwatch,3.154978e+16,-0.8913043478260869
90_mintues_from_bedtime,smartwatch,3.154981e+16,-0.8695652173913043
90_mintues_from_bedtime,smartwatch,3.154984e+16,-0.8478260869565217
90_mintues_from_bedtime,smartwatch,3.154987e+16,-0.8260869565217391
90_mintues_from_bedtime,smartwatch,3.15499e+16,-0.8043478260869565
90_mintues_from_bedtime,smartwatch,3.154993e+16,-0.7826086956521738
90_mintues_from_bedtime,smartwatch,3.154996e+16,-0.7608695652173912
90_mintues_from_bedtime,smartwatch,3.154999e+16,-0.7391304347826086
90_mintues_from_bedtime,smartwatch,3.155002e+16,-0.717391304347826
90_mintues_from_bedtime,smartwatch,3.155005e+16,-0.6956521739130435
90_mintues_from_bedtime,smartwatch,3.155008e+16,-0.6739130434782609
90_mintues_from_bedtime,smartwatch,3.155011e+16,-0.6521739130434783
90_mintues_from_bedtime,smartwatch,3.155014e+16,-0.6304347826086957
90_mintues_from_bedtime,smartwatch,3.155017e+16,-0.6086956521739131
90_mintues_from_bedtime,smartwatch,3.15502e+16,-0.5869565217391304
90_mintues_from_bedtime,smartwatch,3.155023e+16,-0.5652173913043478
90_mintues_from_bedtime,smartwatch,3.155026e+16,-0.5434782608695652
90_mintues_from_bedtime,smartwatch,3.155029e+16,-0.5217391304347826
90_mintues_from_bedtime,smartwatch,3.155032e+16,-0.5
90_mintues_from_bedtime,smartwatch,3.155035e+16,-0.4782608695652174
90_mintues_from_bedtime,smartwatch,3.155038e+16,-0.45652173913043476
90_mintues_from_bedtime,smartwatch,3.155041e+16,-0.43478260869565216
90_mintues_from_bedtime,smartwatch,3.155044e+16,-0.41304347826086957
90_mintues_from_bedtime,smartwatch,3.155047e+16,-0.3913043478260869
90_mintues_from_bedtime,smartwatch,3.15505e+16,-0.3695652173913043
90_mintues_from_bedtime,smartwatch,3.155053e+16,-0.34782608695652173
90_mintues_from_bedtime,smartwatch,3.155056e+16,-0.32608695652173914
90_mintues_from_bedtime,smartwatch,3.155059e+16,-0.30434782608695654
90_mintues_from_bedtime,smartwatch,3.155062e+16,-0.2826086956521739
90_mintues_from_bedtime,smartwatch,3.155065e+16,-0.2608695652173913
90_mintues_from_bedtime,smartwatch,3.155068e+16,-0.2391304347826087
90_mintues_from_bedtime,smartwatch,3.155071e+16,-0.21739130434782608
90_mintues_from_bedtime,smartwatch,3.155074e+16,-0.19565217391304346
90_mintues_from_bedtime,smartwatch,3.155077e+16,-0.17391304347826086
90_mintues_from_bedtime,smartwatch,3.15508e+16,-0.15217391304347827
90_mintues_from_bedtime,smartwatch,3.155083e+16,-0.13043478260869565
90_mintues_from_bedtime,smartwatch,3.155086e+16,-0.10869565217391304
90_mintues_from_bedtime,smartwatch,3.155089e+16,-0.08695652173913043
90_mintues_from_bedtime,smartwatch,3.155092e+16,-0.06521739130434782
90_mintues_from_bedtime,smartwatch,3.155095e+16,-0.043478260869565216
90_mintues_from_bedtime,smartwatch,3.155098e+16,-0.021739130434782608
90_mintues_from_bedtime,smartwatch,3.155101e+16,-0.0
90_mintues_from_bedtime,smartwatch,3.155104e+16,0.0
90_mintues_from_bedtime,smartwatch,3.155107e+16,0.021739130434782608
90_mintues_from_bedtime,smartwatch,3.15511e+16,0.043478260869565216
90_mintues_from_bedtime,smartwatch,3.155113e+16,0.06521739130434782
90_mintues_from_bedtime,smartwatch,3.155116e+16,0.08695652173913043
90_mintues_from_bedtime,smartwatch,3.155119e+16,0.10869565217391304
90_mintues_from_bedtime,smartwatch,3.155122e+16,0.13043478260869565
90_mintues_from_bedtime,smartwatch,3.155125e+16,0.15217391304347827
90_mintues_from_bedtime,smartwatch,3.155128e+16,0.17391304347826086
90_mintues_from_bedtime,smartwatch,3.155131e+16,0.19565217391304346
90_mintues_from_bedtime,smartwatch,3.155134e+16,0.21739130434782608
90_mintues_from_bedtime,smartwatch,3.155137e+16,0.2391304347826087
90_mintues_from_bedtime,smartwatch,3.15514e+16,0.2608695652173913
90_mintues_from_bedtime,smartwatch,3.155143e+16,0.2826086956521739
90_mintues_from_bedtime,smartwatch,3.155146e+16,0.30434782608695654
90_mintues_from_bedtime,smartwatch,3.155149e+16,0.32608695652173914
90_mintues_from_bedtime,smartwatch,3.155152e+16,0.34782608695652173
90_mintues_from_bedtime,smartwatch,3.155155e+16,0.3695652173913043
90_mintues_from_bedtime,smartwatch,3.155158e+16,0.3913043478260869
90_mintues_from_bedtime,smartwatch,3.155161e+16,0.41304347826086957
90_mintues_from_bedtime,smartwatch,3.155164e+16,0.43478260869565216
90_mintues_from_bedtime,smartwatch,3.155167e+16,0.45652173913043476
90_mintues_from_bedtime,smartwatch,3.15517e+16,0.4782608695652174
90_mintues_from_bedtime,smartwatch,3.155173e+16,0.5
90_mintues_from_bedtime,smartwatch,3.155176e+16,0.5217391304347826
90_mintues_from_bedtime,smartwatch,3.155179e+16,0.5434782608695652
90_mintues_from_bedtime,smartwatch,3.155182e+16,0.5652173913043478
90_mintues_from_bedtime,smartwatch,3.155185e+16,0.5869565217391304
90_mintues_from_bedtime,smartwatch,3.155188e+16,0.6086956521739131
90_mintues_from_bedtime,smartwatch,3.155191e+16,0.6304347826086957
90_mintues_from_bedtime,smartwatch,3.155194e+16,0.6521739130434783
90_mintues_from_bedtime,smartwatch,3.155197e+16,0.6739130434782609
90_mintues_from_bedtime,smartwatch,3.1552e+16,0.6956521739130435
90_mintues_from_bedtime,smartwatch,3.155203e+16,0.717391304347826
90_mintues_from_bedtime,smartwatch,3.155206e+16,0.7391304347826086
90_mintues_from_bedtime,smartwatch,3.155209e+16,0.7608695652173912
90_mintues_from_bedtime,smartwatch,3.155212e+16,0.7826086956521738
90_mintues_from_bedtime,smartwatch,3.155215e+16,0.8043478260869565
90_mintues_from_bedtime,smartwatch,3.155218e+16,0.8260869565217391
90_mintues_from_bedtime,smartwatch,3.155221e+16,0.8478260869565217
90_mintues_from_bedtime,smartwatch,3.155224e+16,0.8695652173913043
90_mintues_from_bedtime,smartwatch,3.155227e+16,0.8913043478260869
90_mintues_from_bedtime,smartwatch,3.15523e+16,0.9130434782608695
90_mintues_from_bedtime,smartwatch,3.155233e+16,0.9347826086956521
90_mintues_from_bedtime,smartwatch,3.155236e+16,0.9565217391304348
90_mintues_from_bedtime,smartwatch,3.155239e+16,0.9782608695652174
90_mintues_from_bedtime,smartwatch,3.155242e+16,0.9782608695652174
90_mintues_from_bedtime,smartwatch,3.155245e+16,0.9565217391304348
90_mintues_from_bedtime,smartwatch,3.155248e+16,0.9347826086956521
90_mintues_from_bedtime,smartwatch,3.155251e+16,0.9130434782608695
90_mintues_from_bedtime,smartwatch,3.155254e+16,0.8913043478260869
90_mintues_from_bedtime,smartwatch,3.155257e+16,0.8695652173913043
90_mintues_from_bedtime,smartwatch,3.15526e+16,0.8478260869565217
90_mintues_from_bedtime,smartwatch,3.155263e+16,0.8260869565217391
90_mintues_from_bedtime,smartwatch,3.155266e+16,0.8043478260869565
90_mintues_from_bedtime,smartwatch,3.155269e+16,0.7826086956521738
90_mintues_from_bedtime,smartwatch,3.155272e+16,0.7608695652173912
90_mintues_from_bedtime,smartwatch,3.155275e+16,0.7391304347826086
90_mintues_from_bedtime,smartwatch,3.155278e+16,0.717391304347826
90_mintues_from_bedtime,smartwatch,3.155281e+16,0.6956521739130435
90_mintues_from_bedtime,smartwatch,3.155284e+16,0.6739130434782609
90_mintues_from_bedtime,smartwatch,3.155287e+16,0.6521739130434783
90_mintues_from_bedtime,smartwatch,3.15529e+16,0.6304347826086957
90_mintues_from_bedtime,smartwatch,3.155293e+16,0.6086956521739131
90_mintues_from_bedtime,smartwatch,3.155296e+16,0.5869565217391304
90_mintues_from_bedtime,smartwatch,3.155299e+16,0.5652173913043478
90_mintues_from_bedtime,smartwatch,3.155302e+16,0.5434782608695652
90_mintues_from_bedtime,smartwatch,3.155305e+16,0.5217391304347826
90_mintues_from_bedtime,smartwatch,3.155308e+16,0.5
90_mintues_from_bedtime,smartwatch,3.155311e+16,0.4782608695652174
90_mintues_from_bedtime,smartwatch,3.155314e+16,0.45652173913043476
90_mintues_from_bedtime,smartwatch,3.155317e+16,0.43478260869565216
90_mintues_from_bedtime,smartwatch,3.15532e+16,0.41304347826086957
90_mintues_from_bedtime,smartwatch,3.155323e+16,0.3913043478260869
90_mintues_from_bedtime,smartwatch,3.155326e+16,0.3695652173913043
90_mintues_from_bedtime,smartwatch,3.155329e+16,0.34782608695652173
90_mintues_from_bedtime,smartwatch,3.155332e+16,0.32608695652173914
90_mintues_from_bedtime,smartwatch,3.155335e+16,0.30434782608695654
90_mintues_from_bedtime,smartwatch,3.155338e+16,0.2826086956521739
90_mintues_from_bedtime,smartwatch,3.155341e+16,0.2608695652173913
90_mintues_from_bedtime,smartwatch,3.155344e+16,0.2391304347826087
90_mintues_from_bedtime,smartwatch,3.155347e+16,0.21739130434782608
90_mintues_from_bedtime,smartwatch,3.15535e+16,0.19565217391304346
90_mintues_from_bedtime,smartwatch,3.155353e+16,0.17391304347826086
90_mintues_from_bedtime,smartwatch,3.155356e+16,0.15217391304347827
90_mintues_from_bedtime,smartwatch,3.155359e+16,0.13043478260869565
90_mintues_from_bedtime,smartwatch,3.155362e+16,0.10869565217391304
90_mintues_from_bedtime,smartwatch,3.155365e+16,0.08695652173913043
90_mintues_from_bedtime,smartwatch,3.155368e+16,0.06521739130434782
90_mintues_from_bedtime,smartwatch,3.155371e+16,0.043478260869565216
90_mintues_from_bedtime,smartwatch,3.155374e+16,0.021739130434782608
90_mintues_from_bedtime,smartwatch,3.155377e+16,0.0
90_mintues_from_bedtime,smartwatch,3.15538e+16,-0.0
90_mintues_from_bedtime,smartwatch,3.155383e+16,-0.021739130434782608
90_mintues_from_bedtime,smartwatch,3.155386e+16,-0.043478260869565216
90_mintues_from_bedtime,smartwatch,3.155389e+16,-0.06521739130434782
90_mintues_from_bedtime,smartwatch,3.155392e+16,-0.08695652173913043
90_mintues_from_bedtime,smartwatch,3.155395e+16,-0.10869565217391304
90_mintues_from_bedtime,smartwatch,3.155398e+16,-0.13043478260869565
90_mintues_from_bedtime,smartwatch,3.155401e+16,-0.15217391304347827
90_mintues_from_bedtime,smartwatch,3.155404e+16,-0.17391304347826086
90_mintues_from_bedtime,smartwatch,3.155407e+16,-0.19565217391304346
90_mintues_from_bedtime,smartwatch,3.15541e+16,-0.21739130434782608
90_mintues_from_bedtime,smartwatch,3.155413e+16,-0.2391304347826087
90_mintues_from_bedtime,smartwatch,3.155416e+16,-0.2608695652173913
90_mintues_from_bedtime,smartwatch,3.155419e+16,-0.2826086956521739
90_mintues_from_bedtime,smartwatch,3.155422e+16,-0.30434782608695654
90_mintues_from_bedtime,smartwatch,3.155425e+16,-0.32608695652173914
90_mintues_from_bedtime,smartwatch,3.155428e+16,-0.34782608695652173
90_mintues_from_bedtime,smartwatch,3.155431e+16,-0.3695652173913043
90_mintues_from_bedtime,smartwatch,3.155434e+16,-0.3913043478260869
90_mintues_from_bedtime,smartwatch,3.155437e+16,-0.41304347826086957
90_mintues_from_bedtime,smartwatch,3.15544e+16,-0.43478260869565216
90_mintues_from_bedtime,smartwatch,3.155443e+16,-0.45652173913043476
90_mintues_from_bedtime,smartwatch,3.155446e+16,-0.4782608695652174
90_mintues_from_bedtime,smartwatch,3.155449e+16,-0.5
90_mintues_from_bedtime,smartwatch,3.155452e+16,-0.5217391304347826
90_mintues_from_bedtime,smartwatch,3.155455e+16,-0.5434782608695652
90_mintues_from_bedtime,smartwatch,3.155458e+16,-0.5652173913043478
90_mintues_from_bedtime,smartwatch,3.155461e+16,-0.5869565217391304
90_mintues_from_bedtime,smartwatch,3.155464e+16,-0.6086956521739131
90_mintues_from_bedtime,smartwatch,3.155467e+16,-0.6304347826086957
90_mintues_from_bedtime,smartwatch,3.15547e+16,-0.6521739130434783
90_mintues_from_bedtime,smartwatch,3.155473e+16,-0.6739130434782609
90_mintues_from_bedtime,smartwatch,3.155476e+16,-0.6956521739130435
90_mintues_from_bedtime,smartwatch,3.155479e+16,-0.717391304347826
90_mintues_from_bedtime,smartwatch,3.155482e+16,-0.7391304347826086
90_mintues_from_bedtime,smartwatch,3.155485e+16,-0.7608695652173912
90_mintues_from_bedtime,smartwatch,3.155488e+16,-0.7826086956521738
90_mintues_from_bedtime,smartwatch,3.155491e+16,-0.8043478260869565
90_mintues_from_bedtime,smartwatch,3.155494e+16,-0.8260869565217391
90_mintues_from_bedtime,smartwatch,3.155497e+16,-0.8478260869565217
90_mintues_from_bedtime,smartwatch,3.1555e+16,-0.8695652173913043
90_mintues_from_bedtime,smartwatch,3.155503e+16,-0.8913043478260869
90_mintues_from_bedtime,smartwatch,3.155506e+16,-0.9130434782608695
90_mintues_from_bedtime,smartwatch,3.155509e+16,-0.9347826086956521
90_mintues_from_bedtime,smartwatch,3.155512e+16,-0.9565217391304348
90_mintues_from_bedtime,smartwatch,3.155515e+16,-0.9782608695652174
90_mintues_from_bedtime,smartwatch,3.155518e+16,-0.9782608695652174
90_mintues_from_bedtime,smartwatch,3.155521e+16,-0.9565217391304348
90_mintues_from_bedtime,smartwatch,3.155524e+16,-0.9347826086956521
90_mintues_from_bedtime,smartwatch,3.155527e+16,-0.9130434782608695
90_mintues_from_bedtime,smartwatch,3.15553e+16,-0.8913043478260869
90_mintues_from_bedtime,smartwatch,3.155533e+16,-0.8695652173913043
90_mintues_from_bedtime,smartwatch,3.155536e+16,-0.8478260869565217
90_mintues_from_bedtime,smartwatch,3.155539e+16,-0.8260869565217391
90_mintues_from_bedtime,smartwatch,3.155542e+16,-0.8043478260869565
90_mintues_from_bedtime,smartwatch,3.155545e+16,-0.7826086956521738
90_mintues_from_bedtime,smartwatch,3.155548e+16,-0.7608695652173912
90_mintues_from_bedtime,smartwatch,3.155551e+16,-0.7391304347826086
90_mintues_from_bedtime,smartwatch,3.155554e+16,-0.717391304347826
90_mintues_from_bedtime,smartwatch,3.155557e+16,-0.6956521739130435
90_mintues_from_bedtime,smartwatch,3.15556e+16,-0.6739130434782609
90_mintues_from_bedtime,smartwatch,3.155563e+16,-0.6521739130434783
90_mintues_from_bedtime,smartwatch,3.155566e+16,-0.6304347826086957
90_mintues_from_bedtime,smartwatch,3.155569e+16,-0.6086956521739131
90_mintues_from_bedtime,smartwatch,3.155572e+16,-0.5869565217391304
90_mintues_from_bedtime,smartwatch,3.155575e+16,-0.5652173913043478
90_mintues_from_bedtime,smartwatch,3.155578e+16,-0.5434782608695652
90_mintues_from_bedtime,smartwatch,3.155581e+16,-0.5217391304347826
90_mintues_from_bedtime,smartwatch,3.155584e+16,-0.5
90_mintues_from_bedtime,smartwatch,3.155587e+16,-0.4782608695652174
90_mintues_from_bedtime,smartwatch,3.15559e+16,-0.45652173913043476
90_mintues_from_bedtime,smartwatch,3.155593e+16,-0.43478260869565216
90_mintues_from_bedtime,smartwatch,3.155596e+16,-0.41304347826086957
90_mintues_from_bedtime,smartwatch,3.155599e+16,-0.3913043478260869
90_mintues_from_bedtime,smartwatch,3.155602e+16,-0.3695652173913043
90_mintues_from_bedtime,smartwatch,3.155605e+16,-0.34782608695652173
90_mintues_from_bedtime,smartwatch,3.155608e+16,-0.32608695652173914
90_mintues_from_bedtime,smartwatch,3.155611e+16,-0.30434782608695654
90_mintues_from_bedtime,smartwatch,3.155614e+16,-0.2826086956521739
90_mintues_from_bedtime,smartwatch,3.155617e+16,-0.2608695652173913
90_mintues_from_bedtime,smartwatch,3.15562e+16,-0.2391304347826087
90_mintues_from_bedtime,smartwatch,3.155623e+16,-0.21739130434782608
90_mintues_from_bedtime,smartwatch,3.155626e+16,-0.19565217391304346
90_mintues_from_bedtime,smartwatch,3.155629e+16,-0.17391304347826086
90_mintues_from_bedtime,smartwatch,3.155632e+16,-0.15217391304347827
90_mintues_from_bedtime,smartwatch,3.155635e+16,-0.13043478260869565
90_mintues_from_bedtime,smartwatch,3.155638e+16,-0.10869565217391304
90_mintues_from_bedtime,smartwatch,3.155641e+16,-0.08695652173913043
90_mintues_from_bedtime,smartwatch,3.155644e+16,-0.06521739130434782
90_mintues_from_bedtime,smartwatch,3.155647e+16,-0.043478260869565216
90_mintues_from_bedtime,smartwatch,3.15565e+16,-0.021739130434782608
90_mintues_from_bedtime,smartwatch,3.155653e+16,-0.0
90_mintues_from_bedtime,smartwatch,3.155656e+16,0.0
90_mintues_from_bedtime,smartwatch,3.155659e+16,0.021739130434782608
90_mintues_from_bedtime,smartwatch,3.155662e+16,0.043478260869565216
90_mintues_from_bedtime,smartwatch,3.155665e+16,0.06521739130434782
90_mintues_from_bedtime,smartwatch,3.155668e+16,0.08695652173913043
90_mintues_from_bedtime,smartwatch,3.155671e+16,0.10869565217391304
90_mintues_from_bedtime,smartwatch,3.155674e+16,0.13043478260869565
90_mintues_from_bedtime,smartwatch,3.155677e+16,0.15217391304347827
90_mintues_from_bedtime,smartwatch,3.15568e+16,0.17391304347826086
90_mintues_from_bedtime,smartwatch,3.155683e+16,0.19565217391304346
90_mintues_from_bedtime,smartwatch,3.155686e+16,0.21739130434782608
90_mintues_from_bedtime,smartwatch,3.155689e+16,0.2391304347826087
90_mintues_from_bedtime,smartwatch,3.155692e+16,0.2608695652173913
90_mintues_from_bedtime,smartwatch,3.155695e+16,0.2826086956521739
90_mintues_from_bedtime,smartwatch,3.155698e+16,0.30434782608695654
90_mintues_from_bedtime,smartwatch,3.155701e+16,0.32608695652173914
90_mintues_from_bedtime,smartwatch,3.155704e+16,0.34782608695652173
90_mintues_from_bedtime,smartwatch,3.155707e+16,0.3695652173913043
90_mintues_from_bedtime,smartwatch,3.15571e+16,0.3913043478260869
90_mintues_from_bedtime,smartwatch,3.155713e+16,0.41304347826086957
90_mintues_from_bedtime,smartwatch,3.155716e+16,0.43478260869565216
90_mintues_from_bedtime,smartwatch,3.155719e+16,0.45652173913043476
90_mintues_from_bedtime,smartwatch,3.155722e+16,0.4782608695652174
90_mintues_from_bedtime,smartwatch,3.155725e+16,0.5
90_mintues_from_bedtime,smartwatch,3.155728e+16,0.5217391304347826
90_mintues_from_bedtime,smartwatch,3.155731e+16,0.5434782608695652
90_mintues_from_bedtime,smartwatch,3.155734e+16,0.5652173913043478
90_mintues_from_bedtime,smartwatch,3.155737e+16,0.5869565217391304
90_mintues_from_bedtime,smartwatch,3.15574e+16,0.6086956521739131
90_mintues_from_bedtime,smartwatch,3.155743e+16,0.6304347826086957
90_mintues_from_bedtime,smartwatch,3.155746e+16,0.6521739130434783
90_mintues_from_bedtime,smartwatch,3.155749e+16,0.6739130434782609
90_mintues_from_bedtime,smartwatch,3.155752e+16,0.6956521739130435
90_mintues_from_bedtime,smartwatch,3.155755e+16,0.717391304347826
90_mintues_from_bedtime,smartwatch,3.155758e+16,0.7391304347826086
90_mintues_from_bedtime,smartwatch,3.155761e+16,0.7608695652173912
90_mintues_from_bedtime,smartwatch,3.155764e+16,0.7826086956521738
90_mintues_from_bedtime,smartwatch,3.155767e+16,0.8043478260869565
90_mintues_from_bedtime,smartwatch,3.15577e+16,0.8260869565217391
90_mintues_from_bedtime,smartwatch,3.155773e+16,0.8478260869565217
90_mintues_from_bedtime,smartwatch,3.155776e+16,0.8695652173913043
90_mintues_from_bedtime,smartwatch,3.155779e+16,0.8913043478260869
90_mintues_from_bedtime,smartwatch,3.155782e+16,0.9130434782608695
90_mintues_from_bedtime,smartwatch,3.155785e+16,0.9347826086956521
90_mintues_from_bedtime,smartwatch,3.155788e+16,0.9565217391304348
90_mintues_from_bedtime,smartwatch,3.155791e+16,0.9782608695652174
90_mintues_from_bedtime,smartwatch,3.155794e+16,0.9782608695652174
90_mintues_from_bedtime,smartwatch,3.155797e+16,0.9565217391304348
90_mintues_from_bedtime,smartwatch,3.1558e+16,0.9347826086956521
90_mintues_from_bedtime,smartwatch,3.155803e+16,0.9130434782608695
90_mintues_from_bedtime,smartwatch,3.155806e+16,0.8913043478260869
90_mintues_from_bedtime,smartwatch,3.155809e+16,0.8695652173913043
90_mintues_from_bedtime,smartwatch,3.155812e+16,0.8478260869565217
90_mintues_from_bedtime,smartwatch,3.155815e+16,0.8260869565217391
90_mintues_from_bedtime,smartwatch,3.155818e+16,0.8043478260869565
90_mintues_from_bedtime,smartwatch,3.155821e+16,0.7826086956521738
90_mintues_from_bedtime,smartwatch,3.155824e+16,0.7608695652173912
90_mintues_from_bedtime,smartwatch,3.155827e+16,0.7391304347826086
90_mintues_from_bedtime,smartwatch,3.15583e+16,0.717391304347826
90_mintues_from_bedtime,smartwatch,3.155833e+16,0.6956521739130435
90_mintues_from_bedtime,smartwatch,3.155836e+16,0.6739130434782609
90_mintues_from_bedtime,smartwatch,3.155839e+16,0.6521739130434783
90_mintues_from_bedtime,smartwatch,3.155842e+16,0.6304347826086957
90_mintues_from_bedtime,smartwatch,3.155845e+16,0.6086956521739131
90_mintues_from_bedtime,smartwatch,3.155848e+16,0.5869565217391304
90_mintues_from_bedtime,smartwatch,3.155851e+16,0.5652173913043478
90_mintues_from_bedtime,smartwatch,3.155854e+16,0.5434782608695652
90_mintues_from_bedtime,smartwatch,3.155857e+16,0.5217391304347826
90_mintues_from_bedtime,smartwatch,3.15586e+16,0.5
90_mintues_from_bedtime,smartwatch,3.155863e+16,0.4782608695652174
90_mintues_from_bedtime,smartwatch,3.155866e+16,0.45652173913043476
90_mintues_from_bedtime,smartwatch,3.155869e+16,0.43478260869565216
90_mintues_from_bedtime,smartwatch,3.155872e+16,0.41304347826086957
90_mintues_from_bedtime,smartwatch,3.155875e+16,0.3913043478260869
90_mintues_from_bedtime,smartwatch,3.155878e+16,0.3695652173913043
90_mintues_from_bedtime,smartwatch,3.155881e+16,0.34782608695652173
90_mintues_from_bedtime,smartwatch,3.155884e+16,0.32608695652173914
90_mintues_from_bedtime,smartwatch,3.155887e+16,0.30434782608695654
90_mintues_from_bedtime,smartwatch,3.15589e+16,0.2826086956521739
90_mintues_from_bedtime,smartwatch,3.155893e+16,0.2608695652173913
90_mintues_from_bedtime,smartwatch,3.155896e+16,0.2391304347826087
90_mintues_from_bedtime,smartwatch,3.155899e+16,0.21739130434782608
90_mintues_from_bedtime,smartwatch,3.155902e+16,0.19565217391304346
90_mintues_from_bedtime,smartwatch,3.155905e+16,0.17391304347826086
90_mintues_from_bedtime,smartwatch,3.155908e+16,0.15217391304347827
90_mintues_from_bedtime,smartwatch,3.155911e+16,0.13043478260869565
90_mintues_from_bedtime,smartwatch,3.155914e+16,0.10869565217391304
90_mintues_from_bedtime,smartwatch,3.155917e+16,0.08695652173913043
90_mintues_from_bedtime,smartwatch,3.15592e+16,0.06521739130434782
90_mintues_from_bedtime,smartwatch,3.155923e+16,0.043478260869565216
90_mintues_from_bedtime,smartwatch,3.155926e+16,0.021739130434782608
90_mintues_from_bedtime,smartwatch,3.155929e+16,0.0
90_mintues_from_bedtime,smartwatch,3.155932e+16,-0.0
90_mintues_from_bedtime,smartwatch,3.155935e+16,-0.021739130434782608
90_mintues_from_bedtime,smartwatch,3.155938e+16,-0.043478260869565216
90_mintues_from_bedtime,smartwatch,3.155941e+16,-0.06521739130434782
90_mintues_from_bedtime,smartwatch,3.155944e+16,-0.08695652173913043
90_mintues_from_bedtime,smartwatch,3.155947e+16,-0.10869565217391304
90_mintues_from_bedtime,smartwatch,3.15595e+16,-0.13043478260869565
90_mintues_from_bedtime,smartwatch,3.155953e+16,-0.15217391304347827
90_mintues_from_bedtime,smartwatch,3.155956e+16,-0.17391304347826086
90_mintues_from_bedtime,smartwatch,3.155959e+16,-0.19565217391304346
90_mintues_from_bedtime,smartwatch,3.155962e+16,-0.21739130434782608
90_mintues_from_bedtime,smartwatch,3.155965e+16,-0.2391304347826087
90_mintues_from_bedtime,smartwatch,3.155968e+16,-0.2608695652173913
90_mintues_from_bedtime,smartwatch,3.155971e+16,-0.2826086956521739
90_mintues_from_bedtime,smartwatch,3.155974e+16,-0.30434782608695654
90_mintues_from_bedtime,smartwatch,3.155977e+16,-0.32608695652173914
90_mintues_from_bedtime,smartwatch,3.15598e+16,-0.34782608695652173
90_mintues_from_bedtime,smartwatch,3.155983e+16,-0.3695652173913043
90_mintues_from_bedtime,smartwatch,3.155986e+16,-0.3913043478260869
90_mintues_from_bedtime,smartwatch,3.155989e+16,-0.41304347826086957
90_mintues_from_bedtime,smartwatch,3.155992e+16,-0.43478260869565216
90_mintues_from_bedtime,smartwatch,3.155995e+16,-0.45652173913043476
90_mintues_from_bedtime,smartwatch,3.155998e+16,-0.4782608695652174
90_mintues_from_bedtime,smartwatch,3.156001e+16,-0.5
90_mintues_from_bedtime,smartwatch,3.156004e+16,-0.5217391304347826
90_mintues_from_bedtime,smartwatch,3.156007e+16,-0.5434782608695652
90_mintues_from_bedtime,smartwatch,3.15601e+16,-0.5652173913043478
90_mintues_from_bedtime,smartwatch,3.156013e+16,-0.5869565217391304
90_mintues_from_bedtime,smartwatch,3.156016e+16,-0.6086956521739131
90_mintues_from_bedtime,smartwatch,3.156019e+16,-0.6304347826086957
90_mintues_from_bedtime,smartwatch,3.156022e+16,-0.6521739130434783
90_mintues_from_bedtime,smartwatch,3.156025e+16,-0.6739130434782609
90_mintues_from_bedtime,smartwatch,3.156028e+16,-0.6956521739130435
90_mintues_from_bedtime,smartwatch,3.156031e+16,-0.717391304347826
90_mintues_from_bedtime,smartwatch,3.156034e+16,-0.7391304347826086
90_mintues_from_bedtime,smartwatch,3.156037e+16,-0.7608695652173912
90_mintues_from_bedtime,smartwatch,3.15604e+16,-0.7826086956521738
90_mintues_from_bedtime,smartwatch,3.156043e+16,-0.8043478260869565
90_mintues_from_bedtime,smartwatch,3.156046e+16,-0.8260869565217391
90_mintues_from_bedtime,smartwatch,3.156049e+16,-0.8478260869565217
90_mintues_from_bedtime,smartwatch,3.156052e+16,-0.8695652173913043
90_mintues_from_bedtime,smartwatch,3.156055e+16,-0.8913043478260869
90_mintues_from_bedtime,smartwatch,3.156058e+16,-0.9130434782608695
90_mintues_from_bedtime,smartwatch,3.156061e+16,-0.9347826086956521
90_mintues_from_bedtime,smartwatch,3.156064e+16,-0.9565217391304348
90_mintues_from_bedtime,smartwatch,3.156067e+16,-0.9782608695652174
90_mintues_from_bedtime,smartwatch,3.15607e+16,-0.9782608695652174
90_mintues_from_bedtime,smartwatch,3.156073e+16,-0.9565217391304348
90_mintues_from_bedtime,smartwatch,3.156076e+16,-0.9347826086956521
90_mintues_from_bedtime,smartwatch,3.156079e+16,-0.9130434782608695
90_mintues_from_bedtime,smartwatch,3.156082e+16,-0.8913043478260869
90_mintues_from_bedtime,smartwatch,3.156085e+16,-0.8695652173913043
90_mintues_from_bedtime,smartwatch,3.156088e+16,-0.8478260869565217
90_mintues_from_bedtime,smartwatch,3.156091e+16,-0.8260869565217391
90_mintues_from_bedtime,smartwatch,3.156094e+16,-0.8043478260869565
90_mintues_from_bedtime,smartwatch,3.156097e+16,-0.7826086956521738
90_mintues_from_bedtime,smartwatch,3.1561e+16,-0.7608695652173912
90_mintues_from_bedtime,smartwatch,3.156103e+16,-0.7391304347826086
90_mintues_from_bedtime,smartwatch,3.156106e+16,-0.717391304347826
90_mintues_from_bedtime,smartwatch,3.156109e+16,-0.6956521739130435
90_mintues_from_bedtime,smartwatch,3.156112e+16,-0.6739130434782609
90_mintues_from_bedtime,smartwatch,3.156115e+16,-0.6521739130434783
90_mintues_from_bedtime,smartwatch,3.156118e+16,-0.6304347826086957
90_mintues_from_bedtime,smartwatch,3.156121e+16,-0.6086956521739131
90_mintues_from_bedtime,smartwatch,3.156124e+16,-0.5869565217391304
90_mintues_from_bedtime,smartwatch,3.156127e+16,-0.5652173913043478
90_mintues_from_bedtime,smartwatch,3.15613e+16,-0.5434782608695652
90_mintues_from_bedtime,smartwatch,3.156133e+16,-0.5217391304347826
90_mintues_from_bedtime,smartwatch,3.156136e+16,-0.5
90_mintues_from_bedtime,smartwatch,3.156139e+16,-0.4782608695652174
90_mintues_from_bedtime,smartwatch,3.156142e+16,-0.45652173913043476
90_mintues_from_bedtime,smartwatch,3.156145e+16,-0.43478260869565216
90_mintues_from_bedtime,smartwatch,3.156148e+16,-0.41304347826086957
90_mintues_from_bedtime,smartwatch,3.156151e+16,-0.3913043478260869
90_mintues_from_bedtime,smartwatch,3.156154e+16,-0.3695652173913043
90_mintues_from_bedtime,smartwatch,3.156157e+16,-0.34782608695652173
90_mintues_from_bedtime,smartwatch,3.15616e+16,-0.32608695652173914
90_mintues_from_bedtime,smartwatch,3.156163e+16,-0.30434782608695654
90_mintues_from_bedtime,smartwatch,3.156166e+16,-0.2826086956521739
90_mintues_from_bedtime,smartwatch,3.156169e+16,-0.2608695652173913
90_mintues_from_bedtime,smartwatch,3.156172e+16,-0.2391304347826087
90_mintues_from_bedtime,smartwatch,3.156175e+16,-0.21739130434782608
90_mintues_from_bedtime,smartwatch,3.156178e+16,-0.19565217391304346
90_mintues_from_bedtime,smartwatch,3.156181e+16,-0.17391304347826086
90_mintues_from_bedtime,smartwatch,3.156184e+16,-0.15217391304347827
90_mintues_from_bedtime,smartwatch,3.156187e+16,-0.13043478260869565
90_mintues_from_bedtime,smartwatch,3.15619e+16,-0.10869565217391304
90_mintues_from_bedtime,smartwatch,3.156193e+16,-0.08695652173913043
90_mintues_from_bedtime,smartwatch,3.156196e+16,-0.06521739130434782
90_mintues_from_bedtime,smartwatch,3.156199e+16,-0.043478260869565216
90_mintues_from_bedtime,smartwatch,3.156202e+16,-0.021739130434782608
90_mintues_from_bedtime,smartwatch,3.156205e+16,-0.0
90_mintues_from_bedtime,smartwatch,3.156208e+16,0.0
90_mintues_from_bedtime,smartwatch,3.156211e+16,0.021739130434782608
90_mintues_from_bedtime,smartwatch,3.156214e+16,0.043478260869565216
90_mintues_from_bedtime,smartwatch,3.156217e+16,0.06521739130434782
90_mintues_from_bedtime,smartwatch,3.15622e+16,0.08695652173913043
90_mintues_from_bedtime,smartwatch,3.156223e+16,0.10869565217391304
90_mintues_from_bedtime,smartwatch,3.156226e+16,0.13043478260869565
90_mintues_from_bedtime,smartwatch,3.156229e+16,0.15217391304347827
90_mintues_from_bedtime,smartwatch,3.156232e+16,0.17391304347826086
90_mintues_from_bedtime,smartwatch,3.156235e+16,0.19565217391304346
90_mintues_from_bedtime,smartwatch,3.156238e+16,0.21739130434782608
90_mintues_from_bedtime,smartwatch,3.156241e+16,0.2391304347826087
90_mintues_from_bedtime,smartwatch,3.156244e+16,0.2608695652173913
90_mintues_from_bedtime,smartwatch,3.156247e+16,0.2826086956521739
90_mintues_from_bedtime,smartwatch,3.15625e+16,0.30434782608695654
90_mintues_from_bedtime,smartwatch,3.156253e+16,0.32608695652173914
90_mintues_from_bedtime,smartwatch,3.156256e+16,0.34782608695652173
90_mintues_from_bedtime,smartwatch,3.156259e+16,0.3695652173913043
90_mintues_from_bedtime,smartwatch,3.156262e+16,0.3913043478260869
90_mintues_from_bedtime,smartwatch,3.156265e+16,0.41304347826086957
90_mintues_from_bedtime,smartwatch,3.156268e+16,0.43478260869565216
90_mintues_from_bedtime,smartwatch,3.156271e+16,0.45652173913043476
90_mintues_from_bedtime,smartwatch,3.156274e+16,0.4782608695652174
90_mintues_from_bedtime,smartwatch,3.156277e+16,0.5
90_mintues_from_bedtime,smartwatch,3.15628e+16,0.5217391304347826
90_mintues_from_bedtime,smartwatch,3.156283e+16,0.5434782608695652
90_mintues_from_bedtime,smartwatch,3.156286e+16,0.5652173913043478
90_mintues_from_bedtime,smartwatch,3.156289e+16,0.5869565217391304
90_mintues_from_bedtime,smartwatch,3.156292e+16,0.6086956521739131
90_mintues_from_bedtime,smartwatch,3.156295e+16,0.6304347826086957
90_mintues_from_bedtime,smartwatch,3.156298e+16,0.6521739130434783
90_mintues_from_bedtime,smartwatch,3.156301e+16,0.6739130434782609
90_mintues_from_bedtime,smartwatch,3.156304e+16,0.6956521739130435
90_mintues_from_bedtime,smartwatch,3.156307e+16,0.717391304347826
90_mintues_from_bedtime,smartwatch,3.15631e+16,0.7391304347826086
90_mintues_from_bedtime,smartwatch,3.156313e+16,0.7608695652173912
90_mintues_from_bedtime,smartwatch,3.156316e+16,0.7826086956521738
90_mintues_from_bedtime,smartwatch,3.156319e+16,0.8043478260869565
90_mintues_from_bedtime,smartwatch,3.156322e+16,0.8260869565217391
90_mintues_from_bedtime,smartwatch,3.156325e+16,0.8478260869565217
90_mintues_from_bedtime,smartwatch,3.156328e+16,0.8695652173913043
90_mintues_from_bedtime,smartwatch,3.156331e+16,0.8913043478260869
90_mintues_from_bedtime,smartwatch,3.156334e+16,0.9130434782608695
90_mintues_from_bedtime,smartwatch,3.156337e+16,0.9347826086956521
90_mintues_from_bedtime,smartwatch,3.15634e+16,0.9565217391304348
90_mintues_from_bedtime,smartwatch,3.156343e+16,0.9782608695652174
90_mintues_from_bedtime,smartwatch,3.156346e+16,0.9782608695652174
90_mintues_from_bedtime,smartwatch,3.156349e+16,0.9565217391304348
90_mintues_from_bedtime,smartwatch,3.156352e+16,0.9347826086956521
90_mintues_from_bedtime,smartwatch,3.156355e+16,0.9130434782608695
90_mintues_from_bedtime,smartwatch,3.156358e+16,0.8913043478260869
90_mintues_from_bedtime,smartwatch,3.156361e+16,0.8695652173913043
90_mintues_from_bedtime,smartwatch,3.156364e+16,0.8478260869565217
90_mintues_from_bedtime,smartwatch,3.156367e+16,0.8260869565217391
90_mintues_from_bedtime,smartwatch,3.15637e+16,0.8043478260869565
90_mintues_from_bedtime,smartwatch,3.156373e+16,0.7826086956521738
90_mintues_from_bedtime,smartwatch,3.156376e+16,0.7608695652173912
90_mintues_from_bedtime,smartwatch,3.156379e+16,0.7391304347826086
90_mintues_from_bedtime,smartwatch,3.156382e+16,0.717391304347826
90_mintues_from_bedtime,smartwatch,3.156385e+16,0.6956521739130435
90_mintues_from_bedtime,smartwatch,3.156388e+16,0.6739130434782609
90_mintues_from_bedtime,smartwatch,3.156391e+16,0.6521739130434783
90_mintues_from_bedtime,smartwatch,3.156394e+16,0.6304347826086957
90_mintues_from_bedtime,smartwatch,3.156397e+16,0.6086956521739131
90_mintues_from_bedtime,smartwatch,3.1564e+16,0.5869565217391304
90_mintues_from_bedtime,smartwatch,3.156403e+16,0.5652173913043478
90_mintues_from_bedtime,smartwatch,3.156406e+16,0.5434782608695652
90_mintues_from_bedtime,smartwatch,3.156409e+16,0.5217391304347826
90_mintues_from_bedtime,smartwatch,3.156412e+16,0.5
90_mintues_from_bedtime,smartwatch,3.156415e+16,0.4782608695652174
90_mintues_from_bedtime,smartwatch,3.156418e+16,0.45652173913043476
90_mintues_from_bedtime,smartwatch,3.156421e+16,0.43478260869565216
90_mintues_from_bedtime,smartwatch,3.156424e+16,0.41304347826086957
90_mintues_from_bedtime,smartwatch,3.156427e+16,0.3913043478260869
90_mintues_from_bedtime,smartwatch,3.15643e+16,0.3695652173913043
90_mintues_from_bedtime,smartwatch,3.156433e+16,0.34782608695652173
90_mintues_from_bedtime,smartwatch,3.156436e+16,0.32608695652173914
90_mintues_from_bedtime,smartwatch,3.156439e+16,0.30434782608695654
90_mintues_from_bedtime,smartwatch,3.156442e+16,0.2826086956521739
90_mintues_from_bedtime,smartwatch,3.156445e+16,0.2608695652173913
90_mintues_from_bedtime,smartwatch,3.156448e+16,0.2391304347826087
90_mintues_from_bedtime,smartwatch,3.156451e+16,0.21739130434782608
90_mintues_from_bedtime,smartwatch,3.156454e+16,0.19565217391304346
90_mintues_from_bedtime,smartwatch,3.156457e+16,0.17391304347826086
90_mintues_from_bedtime,smartwatch,3.15646e+16,0.15217391304347827
90_mintues_from_bedtime,smartwatch,3.156463e+16,0.13043478260869565
90_mintues_from_bedtime,smartwatch,3.156466e+16,0.10869565217391304
90_mintues_from_bedtime,smartwatch,3.156469e+16,0.08695652173913043
90_mintues_from_bedtime,smartwatch,3.156472e+16,0.06521739130434782
90_mintues_from_bedtime,smartwatch,3.156475e+16,0.043478260869565216
90_mintues_from_bedtime,smartwatch,3.156478e+16,0.021739130434782608
90_mintues_from_bedtime,smartwatch,3.156481e+16,0.0
90_mintues_from_bedtime,smartwatch,3.156484e+16,-0.0
90_mintues_from_bedtime,smartwatch,3.156487e+16,-0.021739130434782608
90_mintues_from_bedtime,smartwatch,3.15649e+16,-0.043478260869565216
90_mintues_from_bedtime,smartwatch,3.156493e+16,-0.06521739130434782
90_mintues_from_bedtime,smartwatch,3.156496e+16,-0.08695652173913043
90_mintues_from_bedtime,smartwatch,3.156499e+16,-0.10869565217391304
90_mintues_from_bedtime,smartwatch,3.156502e+16,-0.13043478260869565
90_mintues_from_bedtime,smartwatch,3.156505e+16,-0.15217391304347827
90_mintues_from_bedtime,smartwatch,3.156508e+16,-0.17391304347826086
90_mintues_from_bedtime,smartwatch,3.156511e+16,-0.19565217391304346
90_mintues_from_bedtime,smartwatch,3.156514e+16,-0.21739130434782608
90_mintues_from_bedtime,smartwatch,3.156517e+16,-0.2391304347826087
90_mintues_from_bedtime,smartwatch,3.15652e+16,-0.2608695652173913
90_mintues_from_bedtime,smartwatch,3.156523e+16,-0.2826086956521739
90_mintues_from_bedtime,smartwatch,3.156526e+16,-0.30434782608695654
90_mintues_from_bedtime,smartwatch,3.156529e+16,-0.32608695652173914
90_mintues_from_bedtime,smartwatch,3.156532e+16,-0.34782608695652173
90_mintues_from_bedtime,smartwatch,3.156535e+16,-0.3695652173913043
90_mintues_from_bedtime,smartwatch,3.156538e+16,-0.3913043478260869
90_mintues_from_bedtime,smartwatch,3.156541e+16,-0.41304347826086957
90_mintues_from_bedtime,smartwatch,3.156544e+16,-0.43478260869565216
90_mintues_from_bedtime,smartwatch,3.156547e+16,-0.45652173913043476
90_mintues_from_bedtime,smartwatch,3.15655e+16,-0.4782608695652174
90_mintues_from_bedtime,smartwatch,3.156553e+16,-0.5
90_mintues_from_bedtime,smartwatch,3.156556e+16,-0.5217391304347826
90_mintues_from_bedtime,smartwatch,3.156559e+16,-0.5434782608695652
90_mintues_from_bedtime,smartwatch,3.156562e+16,-0.5652173913043478
90_mintues_from_bedtime,smartwatch,3.156565e+16,-0.5869565217391304
90_mintues_from_bedtime,smartwatch,3.156568e+16,-0.6086956521739131
90_mintues_from_bedtime,smartwatch,3.156571e+16,-0.6304347826086957
90_mintues_from_bedtime,smartwatch,3.156574e+16,-0.6521739130434783
90_mintues_from_bedtime,smartwatch,3.156577e+16,-0.6739130434782609
90_mintues_from_bedtime,smartwatch,3.15658e+16,-0.6956521739130435
90_mintues_from_bedtime,smartwatch,3.156583e+16,-0.717391304347826
90_mintues_from_bedtime,smartwatch,3.156586e+16,-0.7391304347826086
90_mintues_from_bedtime,smartwatch,3.156589e+16,-0.7608695652173912
90_mintues_from_bedtime,smartwatch,3.156592e+16,-0.7826086956521738
90_mintues_from_bedtime,smartwatch,3.156595e+16,-0.8043478260869565
90_mintues_from_bedtime,smartwatch,3.156598e+16,-0.8260869565217391
90_mintues_from_bedtime,smartwatch,3.156601e+16,-0.8478260869565217
90_mintues_from_bedtime,smartwatch,3.156604e+16,-0.8695652173913043
90_mintues_from_bedtime,smartwatch,3.156607e+16,-0.8913043478260869
90_mintues_from_bedtime,smartwatch,3.15661e+16,-0.9130434782608695
90_mintues_from_bedtime,smartwatch,3.156613e+16,-0.9347826086956521
90_mintues_from_bedtime,smartwatch,3.156616e+16,-0.9565217391304348
90_mintues_from_bedtime,smartwatch,3.156619e+16,-0.9782608695652174
90_mintues_from_bedtime,smartwatch,3.156622e+16,-0.9782608695652174
90_mintues_from_bedtime,smartwatch,3.156625e+16,-0.9565217391304348
90_mintues_from_bedtime,smartwatch,3.156628e+16,-0.9347826086956521
90_mintues_from_bedtime,smartwatch,3.156631e+16,-0.9130434782608695
90_mintues_from_bedtime,smartwatch,3.156634e+16,-0.8913043478260869
90_mintues_from_bedtime,smartwatch,3.156637e+16,-0.8695652173913043
90_mintues_from_bedtime,smartwatch,3.15664e+16,-0.8478260869565217
90_mintues_from_bedtime,smartwatch,3.156643e+16,-0.8260869565217391
90_mintues_from_bedtime,smartwatch,3.156646e+16,-0.8043478260869565
90_mintues_from_bedtime,smartwatch,3.156649e+16,-0.7826086956521738
90_mintues_from_bedtime,smartwatch,3.156652e+16,-0.7608695652173912
90_mintues_from_bedtime,smartwatch,3.156655e+16,-0.7391304347826086
90_mintues_from_bedtime,smartwatch,3.156658e+16,-0.717391304347826
90_mintues_from_bedtime,smartwatch,3.156661e+16,-0.6956521739130435
90_mintues_from_bedtime,smartwatch,3.156664e+16,-0.6739130434782609
90_mintues_from_bedtime,smartwatch,3.156667e+16,-0.6521739130434783
90_mintues_from_bedtime,smartwatch,3.15667e+16,-0.6304347826086957
90_mintues_from_bedtime,smartwatch,3.156673e+16,-0.6086956521739131
90_mintues_from_bedtime,smartwatch,3.156676e+16,-0.5869565217391304
90_mintues_from_bedtime,smartwatch,3.156679e+16,-0.5652173913043478
90_mintues_from_bedtime,smartwatch,3.156682e+16,-0.5434782608695652
90_mintues_from_bedtime,smartwatch,3.156685e+16,-0.5217391304347826
90_mintues_from_bedtime,smartwatch,3.156688e+16,-0.5
90_mintues_from_bedtime,smartwatch,3.156691e+16,-0.4782608695652174
90_mintues_from_bedtime,smartwatch,3.156694e+16,-0.45652173913043476
90_mintues_from_bedtime,smartwatch,3.156697e+16,-0.43478260869565216
90_mintues_from_bedtime,smartwatch,3.1567e+16,-0.41304347826086957
90_mintues_from_bedtime,smartwatch,3.156703e+16,-0.3913043478260869
90_mintues_from_bedtime,smartwatch,3.156706e+16,-0.3695652173913043
90_mintues_from_bedtime,smartwatch,3.156709e+16,-0.34782608695652173
90_mintues_from_bedtime,smartwatch,3.156712e+16,-0.32608695652173914
90_mintues_from_bedtime,smartwatch,3.156715e+16,-0.30434782608695654
90_mintues_from_bedtime,smartwatch,3.156718e+16,-0.2826086956521739
90_mintues_from_bedtime,smartwatch,3.156721e+16,-0.2608695652173913
90_mintues_from_bedtime,smartwatch,3.156724e+16,-0.2391304347826087
90_mintues_from_bedtime,smartwatch,3.156727e+16,-0.21739130434782608
90_mintues_from_bedtime,smartwatch,3.15673e+16,-0.19565217391304346
90_mintues_from_bedtime,smartwatch,3.156733e+16,-0.17391304347826086
90_mintues_from_bedtime,smartwatch,3.156736e+16,-0.15217391304347827
90_mintues_from_bedtime,smartwatch,3.156739e+16,-0.13043478260869565
90_mintues_from_bedtime,smartwatch,3.156742e+16,-0.10869565217391304
90_mintues_from_bedtime,smartwatch,3.156745e+16,-0.08695652173913043
90_mintues_from_bedtime,smartwatch,3.156748e+16,-0.06521739130434782
90_mintues_from_bedtime,smartwatch,3.156751e+16,-0.043478260869565216
90_mintues_from_bedtime,smartwatch,3.156754e+16,-0.021739130434782608
90_mintues_from_bedtime,smartwatch,3.156757e+16,-0.0
90_mintues_from_bedtime,smartwatch,3.15676e+16,0.0
90_mintues_from_bedtime,smartwatch,3.156763e+16,0.021739130434782608
90_mintues_from_bedtime,smartwatch,3.156766e+16,0.043478260869565216
90_mintues_from_bedtime,smartwatch,3.156769e+16,0.06521739130434782
90_mintues_from_bedtime,smartwatch,3.156772e+16,0.08695652173913043
90_mintues_from_bedtime,smartwatch,3.156775e+16,0.10869565217391304
90_mintues_from_bedtime,smartwatch,3.156778e+16,0.13043478260869565
90_mintues_from_bedtime,smartwatch,3.156781e+16,0.15217391304347827
90_mintues_from_bedtime,smartwatch,3.156784e+16,0.17391304347826086
90_mintues_from_bedtime,smartwatch,3.156787e+16,0.19565217391304346
90_mintues_from_bedtime,smartwatch,3.15679e+16,0.21739130434782608
90_mintues_from_bedtime,smartwatch,3.156793e+16,0.2391304347826087
90_mintues_from_bedtime,smartwatch,3.156796e+16,0.2608695652173913
90_mintues_from_bedtime,smartwatch,3.156799e+16,0.2826086956521739
90_mintues_from_bedtime,smartwatch,3.156802e+16,0.30434782608695654
90_mintues_from_bedtime,smartwatch,3.156805e+16,0.32608695652173914
90_mintues_from_bedtime,smartwatch,3.156808e+16,0.34782608695652173
90_mintues_from_bedtime,smartwatch,3.156811e+16,0.3695652173913043
90_mintues_from_bedtime,smartwatch,3.156814e+16,0.3913043478260869
90_mintues_from_bedtime,smartwatch,3.156817e+16,0.41304347826086957
90_mintues_from_bedtime,smartwatch,3.15682e+16,0.43478260869565216
90_mintues_from_bedtime,smartwatch,3.156823e+16,0.45652173913043476
90_mintues_from_bedtime,smartwatch,3.156826e+16,0.4782608695652174
90_mintues_from_bedtime,smartwatch,3.156829e+16,0.5
90_mintues_from_bedtime,smartwatch,3.156832e+16,0.5217391304347826
90_mintues_from_bedtime,smartwatch,3.156835e+16,0.5434782608695652
90_mintues_from_bedtime,smartwatch,3.156838e+16,0.5652173913043478
90_mintues_from_bedtime,smartwatch,3.156841e+16,0.5869565217391304
90_mintues_from_bedtime,smartwatch,3.156844e+16,0.6086956521739131
90_mintues_from_bedtime,smartwatch,3.156847e+16,0.6304347826086957
90_mintues_from_bedtime,smartwatch,3.15685e+16,0.6521739130434783
90_mintues_from_bedtime,smartwatch,3.156853e+16,0.6739130434782609
90_mintues_from_bedtime,smartwatch,3.156856e+16,0.6956521739130435
90_mintues_from_bedtime,smartwatch,3.156859e+16,0.717391304347826
90_mintues_from_bedtime,smartwatch,3.156862e+16,0.7391304347826086
90_mintues_from_bedtime,smartwatch,3.156865e+16,0.7608695652173912
90_mintues_from_bedtime,smartwatch,3.156868e+16,0.7826086956521738
90_mintues_from_bedtime,smartwatch,3.156871e+16,0.8043478260869565
90_mintues_from_bedtime,smartwatch,3.156874e+16,0.8260869565217391
90_mintues_from_bedtime,smartwatch,3.156877e+16,0.8478260869565217
90_mintues_from_bedtime,smartwatch,3.15688e+16,0.8695652173913043
90_mintues_from_bedtime,smartwatch,3.156883e+16,0.8913043478260869
90_mintues_from_bedtime,smartwatch,3.156886e+16,0.9130434782608695
90_mintues_from_bedtime,smartwatch,3.156889e+16,0.9347826086956521
90_mintues_from_bedtime,smartwatch,3.156892e+16,0.9565217391304348
90_mintues_from_bedtime,smartwatch,3.156895e+16,0.9782608695652174
90_mintues_from_bedtime,smartwatch,3.156898e+16,0.9782608695652174
90_mintues_from_bedtime,smartwatch,3.156901e+16,0.9565217391304348
90_mintues_from_bedtime,smartwatch,3.156904e+16,0.9347826086956521
90_mintues_from_bedtime,smartwatch,3.156907e+16,0.9130434782608695
90_mintues_from_bedtime,smartwatch,3.15691e+16,0.8913043478260869
90_mintues_from_bedtime,smartwatch,3.156913e+16,0.8695652173913043
90_mintues_from_bedtime,smartwatch,3.156916e+16,0.8478260869565217
90_mintues_from_bedtime,smartwatch,3.156919e+16,0.8260869565217391
90_mintues_from_bedtime,smartwatch,3.156922e+16,0.8043478260869565
90_mintues_from_bedtime,smartwatch,3.156925e+16,0.7826086956521738
90_mintues_from_bedtime,smartwatch,3.156928e+16,0.7608695652173912
90_mintues_from_bedtime,smartwatch,3.156931e+16,0.7391304347826086
90_mintues_from_bedtime,smartwatch,3.156934e+16,0.717391304347826
90_mintues_from_bedtime,smartwatch,3.156937e+16,0.6956521739130435
90_mintues_from_bedtime,smartwatch,3.15694e+16,0.6739130434782609
90_mintues_from_bedtime,smartwatch,3.156943e+16,0.6521739130434783
