sensor_type,device_type,timestamps,sin_from_avg_bedtime
sin_from_avg_bedtime,smartwatch,3.154e+16,-0.6279306829765546
sin_from_avg_bedtime,smartwatch,3.154003e+16,-0.6258919469928644
sin_from_avg_bedtime,smartwatch,3.154006e+16,-0.6238532110091743
sin_from_avg_bedtime,smartwatch,3.154009e+16,-0.6218144750254843
sin_from_avg_bedtime,smartwatch,3.154012e+16,-0.6197757390417942
sin_from_avg_bedtime,smartwatch,3.154015e+16,-0.617737003058104
sin_from_avg_bedtime,smartwatch,3.154018e+16,-0.6156982670744139
sin_from_avg_bedtime,smartwatch,3.154021e+16,-0.6136595310907238
sin_from_avg_bedtime,smartwatch,3.154024e+16,-0.6116207951070337
sin_from_avg_bedtime,smartwatch,3.154027e+16,-0.6095820591233436
sin_from_avg_bedtime,smartwatch,3.15403e+16,-0.6075433231396534
sin_from_avg_bedtime,smartwatch,3.154033e+16,-0.6055045871559633
sin_from_avg_bedtime,smartwatch,3.154036e+16,-0.6034658511722732
sin_from_avg_bedtime,smartwatch,3.154039e+16,-0.6014271151885832
sin_from_avg_bedtime,smartwatch,3.154042e+16,-0.599388379204893
sin_from_avg_bedtime,smartwatch,3.154045e+16,-0.5973496432212029
sin_from_avg_bedtime,smartwatch,3.154048e+16,-0.5953109072375128
sin_from_avg_bedtime,smartwatch,3.154051e+16,-0.5932721712538227
sin_from_avg_bedtime,smartwatch,3.154054e+16,-0.5912334352701326
sin_from_avg_bedtime,smartwatch,3.154057e+16,-0.5891946992864424
sin_from_avg_bedtime,smartwatch,3.15406e+16,-0.5871559633027523
sin_from_avg_bedtime,smartwatch,3.154063e+16,-0.5851172273190622
sin_from_avg_bedtime,smartwatch,3.154066e+16,-0.5830784913353722
sin_from_avg_bedtime,smartwatch,3.154069e+16,-0.581039755351682
sin_from_avg_bedtime,smartwatch,3.154072e+16,-0.5790010193679919
sin_from_avg_bedtime,smartwatch,3.154075e+16,-0.5769622833843018
sin_from_avg_bedtime,smartwatch,3.154078e+16,-0.5749235474006117
sin_from_avg_bedtime,smartwatch,3.154081e+16,-0.5728848114169216
sin_from_avg_bedtime,smartwatch,3.154084e+16,-0.5708460754332314
sin_from_avg_bedtime,smartwatch,3.154087e+16,-0.5688073394495413
sin_from_avg_bedtime,smartwatch,3.15409e+16,-0.5667686034658512
sin_from_avg_bedtime,smartwatch,3.154093e+16,-0.5647298674821611
sin_from_avg_bedtime,smartwatch,3.154096e+16,-0.5626911314984709
sin_from_avg_bedtime,smartwatch,3.154099e+16,-0.5606523955147809
sin_from_avg_bedtime,smartwatch,3.154102e+16,-0.5586136595310908
sin_from_avg_bedtime,smartwatch,3.154105e+16,-0.5565749235474007
sin_from_avg_bedtime,smartwatch,3.154108e+16,-0.5545361875637106
sin_from_avg_bedtime,smartwatch,3.154111e+16,-0.5524974515800204
sin_from_avg_bedtime,smartwatch,3.154114e+16,-0.5504587155963303
sin_from_avg_bedtime,smartwatch,3.154117e+16,-0.5484199796126402
sin_from_avg_bedtime,smartwatch,3.15412e+16,-0.5463812436289501
sin_from_avg_bedtime,smartwatch,3.154123e+16,-0.5443425076452599
sin_from_avg_bedtime,smartwatch,3.154126e+16,-0.5423037716615698
sin_from_avg_bedtime,smartwatch,3.154129e+16,-0.5402650356778798
sin_from_avg_bedtime,smartwatch,3.154132e+16,-0.5382262996941897
sin_from_avg_bedtime,smartwatch,3.154135e+16,-0.5361875637104996
sin_from_avg_bedtime,smartwatch,3.154138e+16,-0.5341488277268094
sin_from_avg_bedtime,smartwatch,3.154141e+16,-0.5321100917431193
sin_from_avg_bedtime,smartwatch,3.154144e+16,-0.5300713557594292
sin_from_avg_bedtime,smartwatch,3.154147e+16,-0.5280326197757391
sin_from_avg_bedtime,smartwatch,3.15415e+16,-0.5259938837920489
sin_from_avg_bedtime,smartwatch,3.154153e+16,-0.5239551478083588
sin_from_avg_bedtime,smartwatch,3.154156e+16,-0.5219164118246687
sin_from_avg_bedtime,smartwatch,3.154159e+16,-0.5198776758409787
sin_from_avg_bedtime,smartwatch,3.154162e+16,-0.5178389398572886
sin_from_avg_bedtime,smartwatch,3.154165e+16,-0.5158002038735984
sin_from_avg_bedtime,smartwatch,3.154168e+16,-0.5137614678899083
sin_from_avg_bedtime,smartwatch,3.154171e+16,-0.5117227319062182
sin_from_avg_bedtime,smartwatch,3.154174e+16,-0.5096839959225281
sin_from_avg_bedtime,smartwatch,3.154177e+16,-0.5076452599388379
sin_from_avg_bedtime,smartwatch,3.15418e+16,-0.5056065239551478
sin_from_avg_bedtime,smartwatch,3.154183e+16,-0.5035677879714577
sin_from_avg_bedtime,smartwatch,3.154186e+16,-0.5015290519877676
sin_from_avg_bedtime,smartwatch,3.154189e+16,-0.4994903160040775
sin_from_avg_bedtime,smartwatch,3.154192e+16,-0.4974515800203874
sin_from_avg_bedtime,smartwatch,3.154195e+16,-0.4954128440366973
sin_from_avg_bedtime,smartwatch,3.154198e+16,-0.4933741080530072
sin_from_avg_bedtime,smartwatch,3.154201e+16,-0.49133537206931704
sin_from_avg_bedtime,smartwatch,3.154204e+16,-0.48929663608562696
sin_from_avg_bedtime,smartwatch,3.154207e+16,-0.4872579001019368
sin_from_avg_bedtime,smartwatch,3.15421e+16,-0.4852191641182467
sin_from_avg_bedtime,smartwatch,3.154213e+16,-0.48318042813455664
sin_from_avg_bedtime,smartwatch,3.154216e+16,-0.4811416921508665
sin_from_avg_bedtime,smartwatch,3.154219e+16,-0.4791029561671764
sin_from_avg_bedtime,smartwatch,3.154222e+16,-0.47706422018348627
sin_from_avg_bedtime,smartwatch,3.154225e+16,-0.4750254841997962
sin_from_avg_bedtime,smartwatch,3.154228e+16,-0.47298674821610603
sin_from_avg_bedtime,smartwatch,3.154231e+16,-0.47094801223241595
sin_from_avg_bedtime,smartwatch,3.154234e+16,-0.4689092762487258
sin_from_avg_bedtime,smartwatch,3.154237e+16,-0.4668705402650357
sin_from_avg_bedtime,smartwatch,3.15424e+16,-0.46483180428134563
sin_from_avg_bedtime,smartwatch,3.154243e+16,-0.4627930682976555
sin_from_avg_bedtime,smartwatch,3.154246e+16,-0.4607543323139654
sin_from_avg_bedtime,smartwatch,3.154249e+16,-0.45871559633027525
sin_from_avg_bedtime,smartwatch,3.154252e+16,-0.45667686034658517
sin_from_avg_bedtime,smartwatch,3.154255e+16,-0.454638124362895
sin_from_avg_bedtime,smartwatch,3.154258e+16,-0.45259938837920494
sin_from_avg_bedtime,smartwatch,3.154261e+16,-0.4505606523955148
sin_from_avg_bedtime,smartwatch,3.154264e+16,-0.4485219164118247
sin_from_avg_bedtime,smartwatch,3.154267e+16,-0.4464831804281346
sin_from_avg_bedtime,smartwatch,3.15427e+16,-0.4444444444444445
sin_from_avg_bedtime,smartwatch,3.154273e+16,-0.4424057084607544
sin_from_avg_bedtime,smartwatch,3.154276e+16,-0.44036697247706424
sin_from_avg_bedtime,smartwatch,3.154279e+16,-0.43832823649337416
sin_from_avg_bedtime,smartwatch,3.154282e+16,-0.436289500509684
sin_from_avg_bedtime,smartwatch,3.154285e+16,-0.4342507645259939
sin_from_avg_bedtime,smartwatch,3.154288e+16,-0.4322120285423038
sin_from_avg_bedtime,smartwatch,3.154291e+16,-0.4301732925586137
sin_from_avg_bedtime,smartwatch,3.154294e+16,-0.4281345565749236
sin_from_avg_bedtime,smartwatch,3.154297e+16,-0.42609582059123347
sin_from_avg_bedtime,smartwatch,3.1543e+16,-0.4240570846075434
sin_from_avg_bedtime,smartwatch,3.154303e+16,-0.42201834862385323
sin_from_avg_bedtime,smartwatch,3.154306e+16,-0.41997961264016315
sin_from_avg_bedtime,smartwatch,3.154309e+16,-0.417940876656473
sin_from_avg_bedtime,smartwatch,3.154312e+16,-0.4159021406727829
sin_from_avg_bedtime,smartwatch,3.154315e+16,-0.4138634046890928
sin_from_avg_bedtime,smartwatch,3.154318e+16,-0.4118246687054027
sin_from_avg_bedtime,smartwatch,3.154321e+16,-0.4097859327217126
sin_from_avg_bedtime,smartwatch,3.154324e+16,-0.40774719673802245
sin_from_avg_bedtime,smartwatch,3.154327e+16,-0.40570846075433237
sin_from_avg_bedtime,smartwatch,3.15433e+16,-0.4036697247706422
sin_from_avg_bedtime,smartwatch,3.154333e+16,-0.40163098878695214
sin_from_avg_bedtime,smartwatch,3.154336e+16,-0.399592252803262
sin_from_avg_bedtime,smartwatch,3.154339e+16,-0.3975535168195719
sin_from_avg_bedtime,smartwatch,3.154342e+16,-0.39551478083588176
sin_from_avg_bedtime,smartwatch,3.154345e+16,-0.3934760448521917
sin_from_avg_bedtime,smartwatch,3.154348e+16,-0.3914373088685016
sin_from_avg_bedtime,smartwatch,3.154351e+16,-0.38939857288481144
sin_from_avg_bedtime,smartwatch,3.154354e+16,-0.38735983690112136
sin_from_avg_bedtime,smartwatch,3.154357e+16,-0.3853211009174312
sin_from_avg_bedtime,smartwatch,3.15436e+16,-0.3832823649337411
sin_from_avg_bedtime,smartwatch,3.154363e+16,-0.381243628950051
sin_from_avg_bedtime,smartwatch,3.154366e+16,-0.3792048929663609
sin_from_avg_bedtime,smartwatch,3.154369e+16,-0.37716615698267075
sin_from_avg_bedtime,smartwatch,3.154372e+16,-0.37512742099898067
sin_from_avg_bedtime,smartwatch,3.154375e+16,-0.3730886850152905
sin_from_avg_bedtime,smartwatch,3.154378e+16,-0.37104994903160043
sin_from_avg_bedtime,smartwatch,3.154381e+16,-0.36901121304791035
sin_from_avg_bedtime,smartwatch,3.154384e+16,-0.3669724770642202
sin_from_avg_bedtime,smartwatch,3.154387e+16,-0.3649337410805301
sin_from_avg_bedtime,smartwatch,3.15439e+16,-0.36289500509684
sin_from_avg_bedtime,smartwatch,3.154393e+16,-0.3608562691131499
sin_from_avg_bedtime,smartwatch,3.154396e+16,-0.35881753312945974
sin_from_avg_bedtime,smartwatch,3.154399e+16,-0.35677879714576965
sin_from_avg_bedtime,smartwatch,3.154402e+16,-0.3547400611620795
sin_from_avg_bedtime,smartwatch,3.154405e+16,-0.3527013251783894
sin_from_avg_bedtime,smartwatch,3.154408e+16,-0.35066258919469934
sin_from_avg_bedtime,smartwatch,3.154411e+16,-0.3486238532110092
sin_from_avg_bedtime,smartwatch,3.154414e+16,-0.3465851172273191
sin_from_avg_bedtime,smartwatch,3.154417e+16,-0.34454638124362896
sin_from_avg_bedtime,smartwatch,3.15442e+16,-0.3425076452599389
sin_from_avg_bedtime,smartwatch,3.154423e+16,-0.34046890927624873
sin_from_avg_bedtime,smartwatch,3.154426e+16,-0.33843017329255864
sin_from_avg_bedtime,smartwatch,3.154429e+16,-0.3363914373088685
sin_from_avg_bedtime,smartwatch,3.154432e+16,-0.3343527013251784
sin_from_avg_bedtime,smartwatch,3.154435e+16,-0.3323139653414883
sin_from_avg_bedtime,smartwatch,3.154438e+16,-0.3302752293577982
sin_from_avg_bedtime,smartwatch,3.154441e+16,-0.3282364933741081
sin_from_avg_bedtime,smartwatch,3.154444e+16,-0.32619775739041795
sin_from_avg_bedtime,smartwatch,3.154447e+16,-0.32415902140672787
sin_from_avg_bedtime,smartwatch,3.15445e+16,-0.3221202854230377
sin_from_avg_bedtime,smartwatch,3.154453e+16,-0.32008154943934763
sin_from_avg_bedtime,smartwatch,3.154456e+16,-0.3180428134556575
sin_from_avg_bedtime,smartwatch,3.154459e+16,-0.3160040774719674
sin_from_avg_bedtime,smartwatch,3.154462e+16,-0.3139653414882773
sin_from_avg_bedtime,smartwatch,3.154465e+16,-0.3119266055045872
sin_from_avg_bedtime,smartwatch,3.154468e+16,-0.3098878695208971
sin_from_avg_bedtime,smartwatch,3.154471e+16,-0.30784913353720694
sin_from_avg_bedtime,smartwatch,3.154474e+16,-0.30581039755351686
sin_from_avg_bedtime,smartwatch,3.154477e+16,-0.3037716615698267
sin_from_avg_bedtime,smartwatch,3.15448e+16,-0.3017329255861366
sin_from_avg_bedtime,smartwatch,3.154483e+16,-0.2996941896024465
sin_from_avg_bedtime,smartwatch,3.154486e+16,-0.2976554536187564
sin_from_avg_bedtime,smartwatch,3.154489e+16,-0.2956167176350663
sin_from_avg_bedtime,smartwatch,3.154492e+16,-0.29357798165137616
sin_from_avg_bedtime,smartwatch,3.154495e+16,-0.2915392456676861
sin_from_avg_bedtime,smartwatch,3.154498e+16,-0.28950050968399593
sin_from_avg_bedtime,smartwatch,3.154501e+16,-0.28746177370030584
sin_from_avg_bedtime,smartwatch,3.154504e+16,-0.2854230377166157
sin_from_avg_bedtime,smartwatch,3.154507e+16,-0.2833843017329256
sin_from_avg_bedtime,smartwatch,3.15451e+16,-0.28134556574923547
sin_from_avg_bedtime,smartwatch,3.154513e+16,-0.2793068297655454
sin_from_avg_bedtime,smartwatch,3.154516e+16,-0.2772680937818553
sin_from_avg_bedtime,smartwatch,3.154519e+16,-0.27522935779816515
sin_from_avg_bedtime,smartwatch,3.154522e+16,-0.27319062181447507
sin_from_avg_bedtime,smartwatch,3.154525e+16,-0.2711518858307849
sin_from_avg_bedtime,smartwatch,3.154528e+16,-0.26911314984709483
sin_from_avg_bedtime,smartwatch,3.154531e+16,-0.2670744138634047
sin_from_avg_bedtime,smartwatch,3.154534e+16,-0.2650356778797146
sin_from_avg_bedtime,smartwatch,3.154537e+16,-0.26299694189602446
sin_from_avg_bedtime,smartwatch,3.15454e+16,-0.2609582059123344
sin_from_avg_bedtime,smartwatch,3.154543e+16,-0.2589194699286443
sin_from_avg_bedtime,smartwatch,3.154546e+16,-0.25688073394495414
sin_from_avg_bedtime,smartwatch,3.154549e+16,-0.25484199796126406
sin_from_avg_bedtime,smartwatch,3.154552e+16,-0.2528032619775739
sin_from_avg_bedtime,smartwatch,3.154555e+16,-0.2507645259938838
sin_from_avg_bedtime,smartwatch,3.154558e+16,-0.2487257900101937
sin_from_avg_bedtime,smartwatch,3.154561e+16,-0.2466870540265036
sin_from_avg_bedtime,smartwatch,3.154564e+16,-0.24464831804281348
sin_from_avg_bedtime,smartwatch,3.154567e+16,-0.24260958205912336
sin_from_avg_bedtime,smartwatch,3.15457e+16,-0.24057084607543325
sin_from_avg_bedtime,smartwatch,3.154573e+16,-0.23853211009174313
sin_from_avg_bedtime,smartwatch,3.154576e+16,-0.23649337410805302
sin_from_avg_bedtime,smartwatch,3.154579e+16,-0.2344546381243629
sin_from_avg_bedtime,smartwatch,3.154582e+16,-0.23241590214067281
sin_from_avg_bedtime,smartwatch,3.154585e+16,-0.2303771661569827
sin_from_avg_bedtime,smartwatch,3.154588e+16,-0.22833843017329258
sin_from_avg_bedtime,smartwatch,3.154591e+16,-0.22629969418960247
sin_from_avg_bedtime,smartwatch,3.154594e+16,-0.22426095820591235
sin_from_avg_bedtime,smartwatch,3.154597e+16,-0.22222222222222224
sin_from_avg_bedtime,smartwatch,3.1546e+16,-0.22018348623853212
sin_from_avg_bedtime,smartwatch,3.154603e+16,-0.218144750254842
sin_from_avg_bedtime,smartwatch,3.154606e+16,-0.2161060142711519
sin_from_avg_bedtime,smartwatch,3.154609e+16,-0.2140672782874618
sin_from_avg_bedtime,smartwatch,3.154612e+16,-0.2120285423037717
sin_from_avg_bedtime,smartwatch,3.154615e+16,-0.20998980632008157
sin_from_avg_bedtime,smartwatch,3.154618e+16,-0.20795107033639146
sin_from_avg_bedtime,smartwatch,3.154621e+16,-0.20591233435270134
sin_from_avg_bedtime,smartwatch,3.154624e+16,-0.20387359836901123
sin_from_avg_bedtime,smartwatch,3.154627e+16,-0.2018348623853211
sin_from_avg_bedtime,smartwatch,3.15463e+16,-0.199796126401631
sin_from_avg_bedtime,smartwatch,3.154633e+16,-0.19775739041794088
sin_from_avg_bedtime,smartwatch,3.154636e+16,-0.1957186544342508
sin_from_avg_bedtime,smartwatch,3.154639e+16,-0.19367991845056068
sin_from_avg_bedtime,smartwatch,3.154642e+16,-0.19164118246687056
sin_from_avg_bedtime,smartwatch,3.154645e+16,-0.18960244648318045
sin_from_avg_bedtime,smartwatch,3.154648e+16,-0.18756371049949033
sin_from_avg_bedtime,smartwatch,3.154651e+16,-0.18552497451580022
sin_from_avg_bedtime,smartwatch,3.154654e+16,-0.1834862385321101
sin_from_avg_bedtime,smartwatch,3.154657e+16,-0.18144750254842
sin_from_avg_bedtime,smartwatch,3.15466e+16,-0.17940876656472987
sin_from_avg_bedtime,smartwatch,3.154663e+16,-0.17737003058103976
sin_from_avg_bedtime,smartwatch,3.154666e+16,-0.17533129459734967
sin_from_avg_bedtime,smartwatch,3.154669e+16,-0.17329255861365955
sin_from_avg_bedtime,smartwatch,3.154672e+16,-0.17125382262996944
sin_from_avg_bedtime,smartwatch,3.154675e+16,-0.16921508664627932
sin_from_avg_bedtime,smartwatch,3.154678e+16,-0.1671763506625892
sin_from_avg_bedtime,smartwatch,3.154681e+16,-0.1651376146788991
sin_from_avg_bedtime,smartwatch,3.154684e+16,-0.16309887869520898
sin_from_avg_bedtime,smartwatch,3.154687e+16,-0.16106014271151886
sin_from_avg_bedtime,smartwatch,3.15469e+16,-0.15902140672782875
sin_from_avg_bedtime,smartwatch,3.154693e+16,-0.15698267074413866
sin_from_avg_bedtime,smartwatch,3.154696e+16,-0.15494393476044854
sin_from_avg_bedtime,smartwatch,3.154699e+16,-0.15290519877675843
sin_from_avg_bedtime,smartwatch,3.154702e+16,-0.1508664627930683
sin_from_avg_bedtime,smartwatch,3.154705e+16,-0.1488277268093782
sin_from_avg_bedtime,smartwatch,3.154708e+16,-0.14678899082568808
sin_from_avg_bedtime,smartwatch,3.154711e+16,-0.14475025484199797
sin_from_avg_bedtime,smartwatch,3.154714e+16,-0.14271151885830785
sin_from_avg_bedtime,smartwatch,3.154717e+16,-0.14067278287461774
sin_from_avg_bedtime,smartwatch,3.15472e+16,-0.13863404689092765
sin_from_avg_bedtime,smartwatch,3.154723e+16,-0.13659531090723753
sin_from_avg_bedtime,smartwatch,3.154726e+16,-0.13455657492354742
sin_from_avg_bedtime,smartwatch,3.154729e+16,-0.1325178389398573
sin_from_avg_bedtime,smartwatch,3.154732e+16,-0.1304791029561672
sin_from_avg_bedtime,smartwatch,3.154735e+16,-0.12844036697247707
sin_from_avg_bedtime,smartwatch,3.154738e+16,-0.12640163098878696
sin_from_avg_bedtime,smartwatch,3.154741e+16,-0.12436289500509685
sin_from_avg_bedtime,smartwatch,3.154744e+16,-0.12232415902140674
sin_from_avg_bedtime,smartwatch,3.154747e+16,-0.12028542303771662
sin_from_avg_bedtime,smartwatch,3.15475e+16,-0.11824668705402651
sin_from_avg_bedtime,smartwatch,3.154753e+16,-0.11620795107033641
sin_from_avg_bedtime,smartwatch,3.154756e+16,-0.11416921508664629
sin_from_avg_bedtime,smartwatch,3.154759e+16,-0.11213047910295618
sin_from_avg_bedtime,smartwatch,3.154762e+16,-0.11009174311926606
sin_from_avg_bedtime,smartwatch,3.154765e+16,-0.10805300713557595
sin_from_avg_bedtime,smartwatch,3.154768e+16,-0.10601427115188584
sin_from_avg_bedtime,smartwatch,3.154771e+16,-0.10397553516819573
sin_from_avg_bedtime,smartwatch,3.154774e+16,-0.10193679918450561
sin_from_avg_bedtime,smartwatch,3.154777e+16,-0.0998980632008155
sin_from_avg_bedtime,smartwatch,3.15478e+16,-0.0978593272171254
sin_from_avg_bedtime,smartwatch,3.154783e+16,-0.09582059123343528
sin_from_avg_bedtime,smartwatch,3.154786e+16,-0.09378185524974517
sin_from_avg_bedtime,smartwatch,3.154789e+16,-0.09174311926605505
sin_from_avg_bedtime,smartwatch,3.154792e+16,-0.08970438328236494
sin_from_avg_bedtime,smartwatch,3.154795e+16,-0.08766564729867483
sin_from_avg_bedtime,smartwatch,3.154798e+16,-0.08562691131498472
sin_from_avg_bedtime,smartwatch,3.154801e+16,-0.0835881753312946
sin_from_avg_bedtime,smartwatch,3.154804e+16,-0.08154943934760449
sin_from_avg_bedtime,smartwatch,3.154807e+16,-0.07951070336391437
sin_from_avg_bedtime,smartwatch,3.15481e+16,-0.07747196738022427
sin_from_avg_bedtime,smartwatch,3.154813e+16,-0.07543323139653416
sin_from_avg_bedtime,smartwatch,3.154816e+16,-0.07339449541284404
sin_from_avg_bedtime,smartwatch,3.154819e+16,-0.07135575942915393
sin_from_avg_bedtime,smartwatch,3.154822e+16,-0.06931702344546382
sin_from_avg_bedtime,smartwatch,3.154825e+16,-0.06727828746177371
sin_from_avg_bedtime,smartwatch,3.154828e+16,-0.0652395514780836
sin_from_avg_bedtime,smartwatch,3.154831e+16,-0.06320081549439348
sin_from_avg_bedtime,smartwatch,3.154834e+16,-0.06116207951070337
sin_from_avg_bedtime,smartwatch,3.154837e+16,-0.059123343527013254
sin_from_avg_bedtime,smartwatch,3.15484e+16,-0.057084607543323146
sin_from_avg_bedtime,smartwatch,3.154843e+16,-0.05504587155963303
sin_from_avg_bedtime,smartwatch,3.154846e+16,-0.05300713557594292
sin_from_avg_bedtime,smartwatch,3.154849e+16,-0.05096839959225281
sin_from_avg_bedtime,smartwatch,3.154852e+16,-0.0489296636085627
sin_from_avg_bedtime,smartwatch,3.154855e+16,-0.04689092762487258
sin_from_avg_bedtime,smartwatch,3.154858e+16,-0.04485219164118247
sin_from_avg_bedtime,smartwatch,3.154861e+16,-0.04281345565749236
sin_from_avg_bedtime,smartwatch,3.154864e+16,-0.040774719673802244
sin_from_avg_bedtime,smartwatch,3.154867e+16,-0.038735983690112136
sin_from_avg_bedtime,smartwatch,3.15487e+16,-0.03669724770642202
sin_from_avg_bedtime,smartwatch,3.154873e+16,-0.03465851172273191
sin_from_avg_bedtime,smartwatch,3.154876e+16,-0.0326197757390418
sin_from_avg_bedtime,smartwatch,3.154879e+16,-0.030581039755351685
sin_from_avg_bedtime,smartwatch,3.154882e+16,-0.028542303771661573
sin_from_avg_bedtime,smartwatch,3.154885e+16,-0.02650356778797146
sin_from_avg_bedtime,smartwatch,3.154888e+16,-0.02446483180428135
sin_from_avg_bedtime,smartwatch,3.154891e+16,-0.022426095820591234
sin_from_avg_bedtime,smartwatch,3.154894e+16,-0.020387359836901122
sin_from_avg_bedtime,smartwatch,3.154897e+16,-0.01834862385321101
sin_from_avg_bedtime,smartwatch,3.1549e+16,-0.0163098878695209
sin_from_avg_bedtime,smartwatch,3.154903e+16,-0.014271151885830786
sin_from_avg_bedtime,smartwatch,3.154906e+16,-0.012232415902140675
sin_from_avg_bedtime,smartwatch,3.154909e+16,-0.010193679918450561
sin_from_avg_bedtime,smartwatch,3.154912e+16,-0.00815494393476045
sin_from_avg_bedtime,smartwatch,3.154915e+16,-0.006116207951070337
sin_from_avg_bedtime,smartwatch,3.154918e+16,-0.004077471967380225
sin_from_avg_bedtime,smartwatch,3.154921e+16,-0.0020387359836901123
sin_from_avg_bedtime,smartwatch,3.154924e+16,-0.0
sin_from_avg_bedtime,smartwatch,3.154927e+16,0.0
sin_from_avg_bedtime,smartwatch,3.15493e+16,0.0020387359836901123
sin_from_avg_bedtime,smartwatch,3.154933e+16,0.004077471967380225
sin_from_avg_bedtime,smartwatch,3.154936e+16,0.006116207951070337
sin_from_avg_bedtime,smartwatch,3.154939e+16,0.00815494393476045
sin_from_avg_bedtime,smartwatch,3.154942e+16,0.010193679918450561
sin_from_avg_bedtime,smartwatch,3.154945e+16,0.012232415902140675
sin_from_avg_bedtime,smartwatch,3.154948e+16,0.014271151885830786
sin_from_avg_bedtime,smartwatch,3.154951e+16,0.0163098878695209
sin_from_avg_bedtime,smartwatch,3.154954e+16,0.01834862385321101
sin_from_avg_bedtime,smartwatch,3.154957e+16,0.020387359836901122
sin_from_avg_bedtime,smartwatch,3.15496e+16,0.022426095820591234
sin_from_avg_bedtime,smartwatch,3.154963e+16,0.02446483180428135
sin_from_avg_bedtime,smartwatch,3.154966e+16,0.02650356778797146
sin_from_avg_bedtime,smartwatch,3.154969e+16,0.028542303771661573
sin_from_avg_bedtime,smartwatch,3.154972e+16,0.030581039755351685
sin_from_avg_bedtime,smartwatch,3.154975e+16,0.0326197757390418
sin_from_avg_bedtime,smartwatch,3.154978e+16,0.03465851172273191
sin_from_avg_bedtime,smartwatch,3.154981e+16,0.03669724770642202
sin_from_avg_bedtime,smartwatch,3.154984e+16,0.038735983690112136
sin_from_avg_bedtime,smartwatch,3.154987e+16,0.040774719673802244
sin_from_avg_bedtime,smartwatch,3.15499e+16,0.04281345565749236
sin_from_avg_bedtime,smartwatch,3.154993e+16,0.04485219164118247
sin_from_avg_bedtime,smartwatch,3.154996e+16,0.04689092762487258
sin_from_avg_bedtime,smartwatch,3.154999e+16,0.0489296636085627
sin_from_avg_bedtime,smartwatch,3.155002e+16,0.05096839959225281
sin_from_avg_bedtime,smartwatch,3.155005e+16,0.05300713557594292
sin_from_avg_bedtime,smartwatch,3.155008e+16,0.05504587155963303
sin_from_avg_bedtime,smartwatch,3.155011e+16,0.057084607543323146
sin_from_avg_bedtime,smartwatch,3.155014e+16,0.059123343527013254
sin_from_avg_bedtime,smartwatch,3.155017e+16,0.06116207951070337
sin_from_avg_bedtime,smartwatch,3.15502e+16,0.06320081549439348
sin_from_avg_bedtime,smartwatch,3.155023e+16,0.0652395514780836
sin_from_avg_bedtime,smartwatch,3.155026e+16,0.06727828746177371
sin_from_avg_bedtime,smartwatch,3.155029e+16,0.06931702344546382
sin_from_avg_bedtime,smartwatch,3.155032e+16,0.07135575942915393
sin_from_avg_bedtime,smartwatch,3.155035e+16,0.07339449541284404
sin_from_avg_bedtime,smartwatch,3.155038e+16,0.07543323139653416
sin_from_avg_bedtime,smartwatch,3.155041e+16,0.07747196738022427
sin_from_avg_bedtime,smartwatch,3.155044e+16,0.07951070336391437
sin_from_avg_bedtime,smartwatch,3.155047e+16,0.08154943934760449
sin_from_avg_bedtime,smartwatch,3.15505e+16,0.0835881753312946
sin_from_avg_bedtime,smartwatch,3.155053e+16,0.08562691131498472
sin_from_avg_bedtime,smartwatch,3.155056e+16,0.08766564729867483
sin_from_avg_bedtime,smartwatch,3.155059e+16,0.08970438328236494
sin_from_avg_bedtime,smartwatch,3.155062e+16,0.09174311926605505
sin_from_avg_bedtime,smartwatch,3.155065e+16,0.09378185524974517
sin_from_avg_bedtime,smartwatch,3.155068e+16,0.09582059123343528
sin_from_avg_bedtime,smartwatch,3.155071e+16,0.0978593272171254
sin_from_avg_bedtime,smartwatch,3.155074e+16,0.0998980632008155
sin_from_avg_bedtime,smartwatch,3.155077e+16,0.10193679918450561
sin_from_avg_bedtime,smartwatch,3.15508e+16,0.10397553516819573
sin_from_avg_bedtime,smartwatch,3.155083e+16,0.10601427115188584
sin_from_avg_bedtime,smartwatch,3.155086e+16,0.10805300713557595
sin_from_avg_bedtime,smartwatch,3.155089e+16,0.11009174311926606
sin_from_avg_bedtime,smartwatch,3.155092e+16,0.11213047910295618
sin_from_avg_bedtime,smartwatch,3.155095e+16,0.11416921508664629
sin_from_avg_bedtime,smartwatch,3.155098e+16,0.11620795107033641
sin_from_avg_bedtime,smartwatch,3.155101e+16,0.11824668705402651
sin_from_avg_bedtime,smartwatch,3.155104e+16,0.12028542303771662
sin_from_avg_bedtime,smartwatch,3.155107e+16,0.12232415902140674
sin_from_avg_bedtime,smartwatch,3.15511e+16,0.12436289500509685
sin_from_avg_bedtime,smartwatch,3.155113e+16,0.12640163098878696
sin_from_avg_bedtime,smartwatch,3.155116e+16,0.12844036697247707
sin_from_avg_bedtime,smartwatch,3.155119e+16,0.1304791029561672
sin_from_avg_bedtime,smartwatch,3.155122e+16,0.1325178389398573
sin_from_avg_bedtime,smartwatch,3.155125e+16,0.13455657492354742
sin_from_avg_bedtime,smartwatch,3.155128e+16,0.13659531090723753
sin_from_avg_bedtime,smartwatch,3.155131e+16,0.13863404689092765
sin_from_avg_bedtime,smartwatch,3.155134e+16,0.14067278287461774
sin_from_avg_bedtime,smartwatch,3.155137e+16,0.14271151885830785
sin_from_avg_bedtime,smartwatch,3.15514e+16,0.14475025484199797
sin_from_avg_bedtime,smartwatch,3.155143e+16,0.14678899082568808
sin_from_avg_bedtime,smartwatch,3.155146e+16,0.1488277268093782
sin_from_avg_bedtime,smartwatch,3.155149e+16,0.1508664627930683
sin_from_avg_bedtime,smartwatch,3.155152e+16,0.15290519877675843
sin_from_avg_bedtime,smartwatch,3.155155e+16,0.15494393476044854
sin_from_avg_bedtime,smartwatch,3.155158e+16,0.15698267074413866
sin_from_avg_bedtime,smartwatch,3.155161e+16,0.15902140672782875
sin_from_avg_bedtime,smartwatch,3.155164e+16,0.16106014271151886
sin_from_avg_bedtime,smartwatch,3.155167e+16,0.16309887869520898
sin_from_avg_bedtime,smartwatch,3.15517e+16,0.1651376146788991
sin_from_avg_bedtime,smartwatch,3.155173e+16,0.1671763506625892
sin_from_avg_bedtime,smartwatch,3.155176e+16,0.16921508664627932
sin_from_avg_bedtime,smartwatch,3.155179e+16,0.17125382262996944
sin_from_avg_bedtime,smartwatch,3.155182e+16,0.17329255861365955
sin_from_avg_bedtime,smartwatch,3.155185e+16,0.17533129459734967
sin_from_avg_bedtime,smartwatch,3.155188e+16,0.17737003058103976
sin_from_avg_bedtime,smartwatch,3.155191e+16,0.17940876656472987
sin_from_avg_bedtime,smartwatch,3.155194e+16,0.18144750254842
sin_from_avg_bedtime,smartwatch,3.155197e+16,0.1834862385321101
sin_from_avg_bedtime,smartwatch,3.1552e+16,0.18552497451580022
sin_from_avg_bedtime,smartwatch,3.155203e+16,0.18756371049949033
sin_from_avg_bedtime,smartwatch,3.155206e+16,0.18960244648318045
sin_from_avg_bedtime,smartwatch,3.155209e+16,0.19164118246687056
sin_from_avg_bedtime,smartwatch,3.155212e+16,0.19367991845056068
sin_from_avg_bedtime,smartwatch,3.155215e+16,0.1957186544342508
sin_from_avg_bedtime,smartwatch,3.155218e+16,0.19775739041794088
sin_from_avg_bedtime,smartwatch,3.155221e+16,0.199796126401631
sin_from_avg_bedtime,smartwatch,3.155224e+16,0.2018348623853211
sin_from_avg_bedtime,smartwatch,3.155227e+16,0.20387359836901123
sin_from_avg_bedtime,smartwatch,3.15523e+16,0.20591233435270134
sin_from_avg_bedtime,smartwatch,3.155233e+16,0.20795107033639146
sin_from_avg_bedtime,smartwatch,3.155236e+16,0.20998980632008157
sin_from_avg_bedtime,smartwatch,3.155239e+16,0.2120285423037717
sin_from_avg_bedtime,smartwatch,3.155242e+16,0.2140672782874618
sin_from_avg_bedtime,smartwatch,3.155245e+16,0.2161060142711519
sin_from_avg_bedtime,smartwatch,3.155248e+16,0.218144750254842
sin_from_avg_bedtime,smartwatch,3.155251e+16,0.22018348623853212
sin_from_avg_bedtime,smartwatch,3.155254e+16,0.22222222222222224
sin_from_avg_bedtime,smartwatch,3.155257e+16,0.22426095820591235
sin_from_avg_bedtime,smartwatch,3.15526e+16,0.22629969418960247
sin_from_avg_bedtime,smartwatch,3.155263e+16,0.22833843017329258
sin_from_avg_bedtime,smartwatch,3.155266e+16,0.2303771661569827
sin_from_avg_bedtime,smartwatch,3.155269e+16,0.23241590214067281
sin_from_avg_bedtime,smartwatch,3.155272e+16,0.2344546381243629
sin_from_avg_bedtime,smartwatch,3.155275e+16,0.23649337410805302
sin_from_avg_bedtime,smartwatch,3.155278e+16,0.23853211009174313
sin_from_avg_bedtime,smartwatch,3.155281e+16,0.24057084607543325
sin_from_avg_bedtime,smartwatch,3.155284e+16,0.24260958205912336
sin_from_avg_bedtime,smartwatch,3.155287e+16,0.24464831804281348
sin_from_avg_bedtime,smartwatch,3.15529e+16,0.2466870540265036
sin_from_avg_bedtime,smartwatch,3.155293e+16,0.2487257900101937
sin_from_avg_bedtime,smartwatch,3.155296e+16,0.2507645259938838
sin_from_avg_bedtime,smartwatch,3.155299e+16,0.2528032619775739
sin_from_avg_bedtime,smartwatch,3.155302e+16,0.25484199796126406
sin_from_avg_bedtime,smartwatch,3.155305e+16,0.25688073394495414
sin_from_avg_bedtime,smartwatch,3.155308e+16,0.2589194699286443
sin_from_avg_bedtime,smartwatch,3.155311e+16,0.2609582059123344
sin_from_avg_bedtime,smartwatch,3.155314e+16,0.26299694189602446
sin_from_avg_bedtime,smartwatch,3.155317e+16,0.2650356778797146
sin_from_avg_bedtime,smartwatch,3.15532e+16,0.2670744138634047
sin_from_avg_bedtime,smartwatch,3.155323e+16,0.26911314984709483
sin_from_avg_bedtime,smartwatch,3.155326e+16,0.2711518858307849
sin_from_avg_bedtime,smartwatch,3.155329e+16,0.27319062181447507
sin_from_avg_bedtime,smartwatch,3.155332e+16,0.27522935779816515
sin_from_avg_bedtime,smartwatch,3.155335e+16,0.2772680937818553
sin_from_avg_bedtime,smartwatch,3.155338e+16,0.2793068297655454
sin_from_avg_bedtime,smartwatch,3.155341e+16,0.28134556574923547
sin_from_avg_bedtime,smartwatch,3.155344e+16,0.2833843017329256
sin_from_avg_bedtime,smartwatch,3.155347e+16,0.2854230377166157
sin_from_avg_bedtime,smartwatch,3.15535e+16,0.28746177370030584
sin_from_avg_bedtime,smartwatch,3.155353e+16,0.28950050968399593
sin_from_avg_bedtime,smartwatch,3.155356e+16,0.2915392456676861
sin_from_avg_bedtime,smartwatch,3.155359e+16,0.29357798165137616
sin_from_avg_bedtime,smartwatch,3.155362e+16,0.2956167176350663
sin_from_avg_bedtime,smartwatch,3.155365e+16,0.2976554536187564
sin_from_avg_bedtime,smartwatch,3.155368e+16,0.2996941896024465
sin_from_avg_bedtime,smartwatch,3.155371e+16,0.3017329255861366
sin_from_avg_bedtime,smartwatch,3.155374e+16,0.3037716615698267
sin_from_avg_bedtime,smartwatch,3.155377e+16,0.30581039755351686
sin_from_avg_bedtime,smartwatch,3.15538e+16,0.30784913353720694
sin_from_avg_bedtime,smartwatch,3.155383e+16,0.3098878695208971
sin_from_avg_bedtime,smartwatch,3.155386e+16,0.3119266055045872
sin_from_avg_bedtime,smartwatch,3.155389e+16,0.3139653414882773
sin_from_avg_bedtime,smartwatch,3.155392e+16,0.3160040774719674
sin_from_avg_bedtime,smartwatch,3.155395e+16,0.3180428134556575
sin_from_avg_bedtime,smartwatch,3.155398e+16,0.32008154943934763
sin_from_avg_bedtime,smartwatch,3.155401e+16,0.3221202854230377
sin_from_avg_bedtime,smartwatch,3.155404e+16,0.32415902140672787
sin_from_avg_bedtime,smartwatch,3.155407e+16,0.32619775739041795
sin_from_avg_bedtime,smartwatch,3.15541e+16,0.3282364933741081
sin_from_avg_bedtime,smartwatch,3.155413e+16,0.3302752293577982
sin_from_avg_bedtime,smartwatch,3.155416e+16,0.3323139653414883
sin_from_avg_bedtime,smartwatch,3.155419e+16,0.3343527013251784
sin_from_avg_bedtime,smartwatch,3.155422e+16,0.3363914373088685
sin_from_avg_bedtime,smartwatch,3.155425e+16,0.33843017329255864
sin_from_avg_bedtime,smartwatch,3.155428e+16,0.34046890927624873
sin_from_avg_bedtime,smartwatch,3.155431e+16,0.3425076452599389
sin_from_avg_bedtime,smartwatch,3.155434e+16,0.34454638124362896
sin_from_avg_bedtime,smartwatch,3.155437e+16,0.3465851172273191
sin_from_avg_bedtime,smartwatch,3.15544e+16,0.3486238532110092
sin_from_avg_bedtime,smartwatch,3.155443e+16,0.35066258919469934
sin_from_avg_bedtime,smartwatch,3.155446e+16,0.3527013251783894
sin_from_avg_bedtime,smartwatch,3.155449e+16,0.3547400611620795
sin_from_avg_bedtime,smartwatch,3.155452e+16,0.35677879714576965
sin_from_avg_bedtime,smartwatch,3.155455e+16,0.35881753312945974
sin_from_avg_bedtime,smartwatch,3.155458e+16,0.3608562691131499
sin_from_avg_bedtime,smartwatch,3.155461e+16,0.36289500509684
sin_from_avg_bedtime,smartwatch,3.155464e+16,0.3649337410805301
sin_from_avg_bedtime,smartwatch,3.155467e+16,0.3669724770642202
sin_from_avg_bedtime,smartwatch,3.15547e+16,0.36901121304791035
sin_from_avg_bedtime,smartwatch,3.155473e+16,0.37104994903160043
sin_from_avg_bedtime,smartwatch,3.155476e+16,0.3730886850152905
sin_from_avg_bedtime,smartwatch,3.155479e+16,0.37512742099898067
sin_from_avg_bedtime,smartwatch,3.155482e+16,0.37716615698267075
sin_from_avg_bedtime,smartwatch,3.155485e+16,0.3792048929663609
sin_from_avg_bedtime,smartwatch,3.155488e+16,0.381243628950051
sin_from_avg_bedtime,smartwatch,3.155491e+16,0.3832823649337411
sin_from_avg_bedtime,smartwatch,3.155494e+16,0.3853211009174312
sin_from_avg_bedtime,smartwatch,3.155497e+16,0.38735983690112136
sin_from_avg_bedtime,smartwatch,3.1555e+16,0.38939857288481144
sin_from_avg_bedtime,smartwatch,3.155503e+16,0.3914373088685016
sin_from_avg_bedtime,smartwatch,3.155506e+16,0.3934760448521917
sin_from_avg_bedtime,smartwatch,3.155509e+16,0.39551478083588176
sin_from_avg_bedtime,smartwatch,3.155512e+16,0.3975535168195719
sin_from_avg_bedtime,smartwatch,3.155515e+16,0.399592252803262
sin_from_avg_bedtime,smartwatch,3.155518e+16,0.40163098878695214
sin_from_avg_bedtime,smartwatch,3.155521e+16,0.4036697247706422
sin_from_avg_bedtime,smartwatch,3.155524e+16,0.40570846075433237
sin_from_avg_bedtime,smartwatch,3.155527e+16,0.40774719673802245
sin_from_avg_bedtime,smartwatch,3.15553e+16,0.4097859327217126
sin_from_avg_bedtime,smartwatch,3.155533e+16,0.4118246687054027
sin_from_avg_bedtime,smartwatch,3.155536e+16,0.4138634046890928
sin_from_avg_bedtime,smartwatch,3.155539e+16,0.4159021406727829
sin_from_avg_bedtime,smartwatch,3.155542e+16,0.417940876656473
sin_from_avg_bedtime,smartwatch,3.155545e+16,0.41997961264016315
sin_from_avg_bedtime,smartwatch,3.155548e+16,0.42201834862385323
sin_from_avg_bedtime,smartwatch,3.155551e+16,0.4240570846075434
sin_from_avg_bedtime,smartwatch,3.155554e+16,0.42609582059123347
sin_from_avg_bedtime,smartwatch,3.155557e+16,0.4281345565749236
sin_from_avg_bedtime,smartwatch,3.15556e+16,0.4301732925586137
sin_from_avg_bedtime,smartwatch,3.155563e+16,0.4322120285423038
sin_from_avg_bedtime,smartwatch,3.155566e+16,0.4342507645259939
sin_from_avg_bedtime,smartwatch,3.155569e+16,0.436289500509684
sin_from_avg_bedtime,smartwatch,3.155572e+16,0.43832823649337416
sin_from_avg_bedtime,smartwatch,3.155575e+16,0.44036697247706424
sin_from_avg_bedtime,smartwatch,3.155578e+16,0.4424057084607544
sin_from_avg_bedtime,smartwatch,3.155581e+16,0.4444444444444445
sin_from_avg_bedtime,smartwatch,3.155584e+16,0.4464831804281346
sin_from_avg_bedtime,smartwatch,3.155587e+16,0.4485219164118247
sin_from_avg_bedtime,smartwatch,3.15559e+16,0.4505606523955148
sin_from_avg_bedtime,smartwatch,3.155593e+16,0.45259938837920494
sin_from_avg_bedtime,smartwatch,3.155596e+16,0.454638124362895
sin_from_avg_bedtime,smartwatch,3.155599e+16,0.45667686034658517
sin_from_avg_bedtime,smartwatch,3.155602e+16,0.45871559633027525
sin_from_avg_bedtime,smartwatch,3.155605e+16,0.4607543323139654
sin_from_avg_bedtime,smartwatch,3.155608e+16,0.4627930682976555
sin_from_avg_bedtime,smartwatch,3.155611e+16,0.46483180428134563
sin_from_avg_bedtime,smartwatch,3.155614e+16,0.4668705402650357
sin_from_avg_bedtime,smartwatch,3.155617e+16,0.4689092762487258
sin_from_avg_bedtime,smartwatch,3.15562e+16,0.47094801223241595
sin_from_avg_bedtime,smartwatch,3.155623e+16,0.47298674821610603
sin_from_avg_bedtime,smartwatch,3.155626e+16,0.4750254841997962
sin_from_avg_bedtime,smartwatch,3.155629e+16,0.47706422018348627
sin_from_avg_bedtime,smartwatch,3.155632e+16,0.4791029561671764
sin_from_avg_bedtime,smartwatch,3.155635e+16,0.4811416921508665
sin_from_avg_bedtime,smartwatch,3.155638e+16,0.48318042813455664
sin_from_avg_bedtime,smartwatch,3.155641e+16,0.4852191641182467
sin_from_avg_bedtime,smartwatch,3.155644e+16,0.4872579001019368
sin_from_avg_bedtime,smartwatch,3.155647e+16,0.48929663608562696
sin_from_avg_bedtime,smartwatch,3.15565e+16,0.49133537206931704
sin_from_avg_bedtime,smartwatch,3.155653e+16,0.4933741080530072
sin_from_avg_bedtime,smartwatch,3.155656e+16,0.4954128440366973
sin_from_avg_bedtime,smartwatch,3.155659e+16,0.4974515800203874
sin_from_avg_bedtime,smartwatch,3.155662e+16,0.4994903160040775
sin_from_avg_bedtime,smartwatch,3.155665e+16,0.5015290519877676
sin_from_avg_bedtime,smartwatch,3.155668e+16,0.5035677879714577
sin_from_avg_bedtime,smartwatch,3.155671e+16,0.5056065239551478
sin_from_avg_bedtime,smartwatch,3.155674e+16,0.5076452599388379
sin_from_avg_bedtime,smartwatch,3.155677e+16,0.5096839959225281
sin_from_avg_bedtime,smartwatch,3.15568e+16,0.5117227319062182
sin_from_avg_bedtime,smartwatch,3.155683e+16,0.5137614678899083
sin_from_avg_bedtime,smartwatch,3.155686e+16,0.5158002038735984
sin_from_avg_bedtime,smartwatch,3.155689e+16,0.5178389398572886
sin_from_avg_bedtime,smartwatch,3.155692e+16,0.5198776758409787
sin_from_avg_bedtime,smartwatch,3.155695e+16,0.5219164118246687
sin_from_avg_bedtime,smartwatch,3.155698e+16,0.5239551478083588
sin_from_avg_bedtime,smartwatch,3.155701e+16,0.5259938837920489
sin_from_avg_bedtime,smartwatch,3.155704e+16,0.5280326197757391
sin_from_avg_bedtime,smartwatch,3.155707e+16,0.5300713557594292
sin_from_avg_bedtime,smartwatch,3.15571e+16,0.5321100917431193
sin_from_avg_bedtime,smartwatch,3.155713e+16,0.5341488277268094
sin_from_avg_bedtime,smartwatch,3.155716e+16,0.5361875637104996
sin_from_avg_bedtime,smartwatch,3.155719e+16,0.5382262996941897
sin_from_avg_bedtime,smartwatch,3.155722e+16,0.5402650356778798
sin_from_avg_bedtime,smartwatch,3.155725e+16,0.5423037716615698
sin_from_avg_bedtime,smartwatch,3.155728e+16,0.5443425076452599
sin_from_avg_bedtime,smartwatch,3.155731e+16,0.5463812436289501
sin_from_avg_bedtime,smartwatch,3.155734e+16,0.5484199796126402
sin_from_avg_bedtime,smartwatch,3.155737e+16,0.5504587155963303
sin_from_avg_bedtime,smartwatch,3.15574e+16,0.5524974515800204
sin_from_avg_bedtime,smartwatch,3.155743e+16,0.5545361875637106
sin_from_avg_bedtime,smartwatch,3.155746e+16,0.5565749235474007
sin_from_avg_bedtime,smartwatch,3.155749e+16,0.5586136595310908
sin_from_avg_bedtime,smartwatch,3.155752e+16,0.5606523955147809
sin_from_avg_bedtime,smartwatch,3.155755e+16,0.5626911314984709
sin_from_avg_bedtime,smartwatch,3.155758e+16,0.5647298674821611
sin_from_avg_bedtime,smartwatch,3.155761e+16,0.5667686034658512
sin_from_avg_bedtime,smartwatch,3.155764e+16,0.5688073394495413
sin_from_avg_bedtime,smartwatch,3.155767e+16,0.5708460754332314
sin_from_avg_bedtime,smartwatch,3.15577e+16,0.5728848114169216
sin_from_avg_bedtime,smartwatch,3.155773e+16,0.5749235474006117
sin_from_avg_bedtime,smartwatch,3.155776e+16,0.5769622833843018
sin_from_avg_bedtime,smartwatch,3.155779e+16,0.5790010193679919
sin_from_avg_bedtime,smartwatch,3.155782e+16,0.581039755351682
sin_from_avg_bedtime,smartwatch,3.155785e+16,0.5830784913353722
sin_from_avg_bedtime,smartwatch,3.155788e+16,0.5851172273190622
sin_from_avg_bedtime,smartwatch,3.155791e+16,0.5871559633027523
sin_from_avg_bedtime,smartwatch,3.155794e+16,0.5891946992864424
sin_from_avg_bedtime,smartwatch,3.155797e+16,0.5912334352701326
sin_from_avg_bedtime,smartwatch,3.1558e+16,0.5932721712538227
sin_from_avg_bedtime,smartwatch,3.155803e+16,0.5953109072375128
sin_from_avg_bedtime,smartwatch,3.155806e+16,0.5973496432212029
sin_from_avg_bedtime,smartwatch,3.155809e+16,0.599388379204893
sin_from_avg_bedtime,smartwatch,3.155812e+16,0.6014271151885832
sin_from_avg_bedtime,smartwatch,3.155815e+16,0.6034658511722732
sin_from_avg_bedtime,smartwatch,3.155818e+16,0.6055045871559633
sin_from_avg_bedtime,smartwatch,3.155821e+16,0.6075433231396534
sin_from_avg_bedtime,smartwatch,3.155824e+16,0.6095820591233436
sin_from_avg_bedtime,smartwatch,3.155827e+16,0.6116207951070337
sin_from_avg_bedtime,smartwatch,3.15583e+16,0.6136595310907238
sin_from_avg_bedtime,smartwatch,3.155833e+16,0.6156982670744139
sin_from_avg_bedtime,smartwatch,3.155836e+16,0.617737003058104
sin_from_avg_bedtime,smartwatch,3.155839e+16,0.6197757390417942
sin_from_avg_bedtime,smartwatch,3.155842e+16,0.6218144750254843
sin_from_avg_bedtime,smartwatch,3.155845e+16,0.6238532110091743
sin_from_avg_bedtime,smartwatch,3.155848e+16,0.6258919469928644
sin_from_avg_bedtime,smartwatch,3.155851e+16,0.6279306829765546
sin_from_avg_bedtime,smartwatch,3.155854e+16,0.6299694189602447
sin_from_avg_bedtime,smartwatch,3.155857e+16,0.6320081549439348
sin_from_avg_bedtime,smartwatch,3.15586e+16,0.6340468909276249
sin_from_avg_bedtime,smartwatch,3.155863e+16,0.636085626911315
sin_from_avg_bedtime,smartwatch,3.155866e+16,0.6381243628950052
sin_from_avg_bedtime,smartwatch,3.155869e+16,0.6401630988786953
sin_from_avg_bedtime,smartwatch,3.155872e+16,0.6422018348623854
sin_from_avg_bedtime,smartwatch,3.155875e+16,0.6442405708460754
sin_from_avg_bedtime,smartwatch,3.155878e+16,0.6462793068297656
sin_from_avg_bedtime,smartwatch,3.155881e+16,0.6483180428134557
sin_from_avg_bedtime,smartwatch,3.155884e+16,0.6503567787971458
sin_from_avg_bedtime,smartwatch,3.155887e+16,0.6523955147808359
sin_from_avg_bedtime,smartwatch,3.15589e+16,0.654434250764526
sin_from_avg_bedtime,smartwatch,3.155893e+16,0.6564729867482162
sin_from_avg_bedtime,smartwatch,3.155896e+16,0.6585117227319063
sin_from_avg_bedtime,smartwatch,3.155899e+16,0.6605504587155964
sin_from_avg_bedtime,smartwatch,3.155902e+16,0.6625891946992865
sin_from_avg_bedtime,smartwatch,3.155905e+16,0.6646279306829767
sin_from_avg_bedtime,smartwatch,3.155908e+16,0.6666666666666667
sin_from_avg_bedtime,smartwatch,3.155911e+16,0.6687054026503568
sin_from_avg_bedtime,smartwatch,3.155914e+16,0.6707441386340469
sin_from_avg_bedtime,smartwatch,3.155917e+16,0.672782874617737
sin_from_avg_bedtime,smartwatch,3.15592e+16,0.6748216106014272
sin_from_avg_bedtime,smartwatch,3.155923e+16,0.6768603465851173
sin_from_avg_bedtime,smartwatch,3.155926e+16,0.6788990825688074
sin_from_avg_bedtime,smartwatch,3.155929e+16,0.6809378185524975
sin_from_avg_bedtime,smartwatch,3.155932e+16,0.6829765545361877
sin_from_avg_bedtime,smartwatch,3.155935e+16,0.6850152905198778
sin_from_avg_bedtime,smartwatch,3.155938e+16,0.6870540265035678
sin_from_avg_bedtime,smartwatch,3.155941e+16,0.6890927624872579
sin_from_avg_bedtime,smartwatch,3.155944e+16,0.691131498470948
sin_from_avg_bedtime,smartwatch,3.155947e+16,0.6931702344546382
sin_from_avg_bedtime,smartwatch,3.15595e+16,0.6952089704383283
sin_from_avg_bedtime,smartwatch,3.155953e+16,0.6972477064220184
sin_from_avg_bedtime,smartwatch,3.155956e+16,0.6992864424057085
sin_from_avg_bedtime,smartwatch,3.155959e+16,0.7013251783893987
sin_from_avg_bedtime,smartwatch,3.155962e+16,0.7033639143730888
sin_from_avg_bedtime,smartwatch,3.155965e+16,0.7054026503567788
sin_from_avg_bedtime,smartwatch,3.155968e+16,0.7074413863404689
sin_from_avg_bedtime,smartwatch,3.155971e+16,0.709480122324159
sin_from_avg_bedtime,smartwatch,3.155974e+16,0.7115188583078492
sin_from_avg_bedtime,smartwatch,3.155977e+16,0.7135575942915393
sin_from_avg_bedtime,smartwatch,3.15598e+16,0.7155963302752294
sin_from_avg_bedtime,smartwatch,3.155983e+16,0.7176350662589195
sin_from_avg_bedtime,smartwatch,3.155986e+16,0.7196738022426097
sin_from_avg_bedtime,smartwatch,3.155989e+16,0.7217125382262998
sin_from_avg_bedtime,smartwatch,3.155992e+16,0.7237512742099899
sin_from_avg_bedtime,smartwatch,3.155995e+16,0.72579001019368
sin_from_avg_bedtime,smartwatch,3.155998e+16,0.72782874617737
sin_from_avg_bedtime,smartwatch,3.156001e+16,0.7298674821610602
sin_from_avg_bedtime,smartwatch,3.156004e+16,0.7319062181447503
sin_from_avg_bedtime,smartwatch,3.156007e+16,0.7339449541284404
sin_from_avg_bedtime,smartwatch,3.15601e+16,0.7359836901121305
sin_from_avg_bedtime,smartwatch,3.156013e+16,0.7380224260958207
sin_from_avg_bedtime,smartwatch,3.156016e+16,0.7400611620795108
sin_from_avg_bedtime,smartwatch,3.156019e+16,0.7420998980632009
sin_from_avg_bedtime,smartwatch,3.156022e+16,0.744138634046891
sin_from_avg_bedtime,smartwatch,3.156025e+16,0.746177370030581
sin_from_avg_bedtime,smartwatch,3.156028e+16,0.7482161060142712
sin_from_avg_bedtime,smartwatch,3.156031e+16,0.7502548419979613
sin_from_avg_bedtime,smartwatch,3.156034e+16,0.7522935779816514
sin_from_avg_bedtime,smartwatch,3.156037e+16,0.7543323139653415
sin_from_avg_bedtime,smartwatch,3.15604e+16,0.7563710499490317
sin_from_avg_bedtime,smartwatch,3.156043e+16,0.7584097859327218
sin_from_avg_bedtime,smartwatch,3.156046e+16,0.7604485219164119
sin_from_avg_bedtime,smartwatch,3.156049e+16,0.762487257900102
sin_from_avg_bedtime,smartwatch,3.156052e+16,0.764525993883792
sin_from_avg_bedtime,smartwatch,3.156055e+16,0.7665647298674823
sin_from_avg_bedtime,smartwatch,3.156058e+16,0.7686034658511723
sin_from_avg_bedtime,smartwatch,3.156061e+16,0.7706422018348624
sin_from_avg_bedtime,smartwatch,3.156064e+16,0.7726809378185525
sin_from_avg_bedtime,smartwatch,3.156067e+16,0.7747196738022427
sin_from_avg_bedtime,smartwatch,3.15607e+16,0.7767584097859328
sin_from_avg_bedtime,smartwatch,3.156073e+16,0.7787971457696229
sin_from_avg_bedtime,smartwatch,3.156076e+16,0.780835881753313
sin_from_avg_bedtime,smartwatch,3.156079e+16,0.7828746177370032
sin_from_avg_bedtime,smartwatch,3.156082e+16,0.7849133537206933
sin_from_avg_bedtime,smartwatch,3.156085e+16,0.7869520897043834
sin_from_avg_bedtime,smartwatch,3.156088e+16,0.7889908256880734
sin_from_avg_bedtime,smartwatch,3.156091e+16,0.7910295616717635
sin_from_avg_bedtime,smartwatch,3.156094e+16,0.7930682976554537
sin_from_avg_bedtime,smartwatch,3.156097e+16,0.7951070336391438
sin_from_avg_bedtime,smartwatch,3.1561e+16,0.7971457696228339
sin_from_avg_bedtime,smartwatch,3.156103e+16,0.799184505606524
sin_from_avg_bedtime,smartwatch,3.156106e+16,0.8012232415902142
sin_from_avg_bedtime,smartwatch,3.156109e+16,0.8032619775739043
sin_from_avg_bedtime,smartwatch,3.156112e+16,0.8053007135575944
sin_from_avg_bedtime,smartwatch,3.156115e+16,0.8073394495412844
sin_from_avg_bedtime,smartwatch,3.156118e+16,0.8093781855249745
sin_from_avg_bedtime,smartwatch,3.156121e+16,0.8114169215086647
sin_from_avg_bedtime,smartwatch,3.156124e+16,0.8134556574923548
sin_from_avg_bedtime,smartwatch,3.156127e+16,0.8154943934760449
sin_from_avg_bedtime,smartwatch,3.15613e+16,0.817533129459735
sin_from_avg_bedtime,smartwatch,3.156133e+16,0.8195718654434252
sin_from_avg_bedtime,smartwatch,3.156136e+16,0.8216106014271153
sin_from_avg_bedtime,smartwatch,3.156139e+16,0.8236493374108054
sin_from_avg_bedtime,smartwatch,3.156142e+16,0.8256880733944955
sin_from_avg_bedtime,smartwatch,3.156145e+16,0.8277268093781855
sin_from_avg_bedtime,smartwatch,3.156148e+16,0.8297655453618757
sin_from_avg_bedtime,smartwatch,3.156151e+16,0.8318042813455658
sin_from_avg_bedtime,smartwatch,3.156154e+16,0.8338430173292559
sin_from_avg_bedtime,smartwatch,3.156157e+16,0.835881753312946
sin_from_avg_bedtime,smartwatch,3.15616e+16,0.8379204892966362
sin_from_avg_bedtime,smartwatch,3.156163e+16,0.8399592252803263
sin_from_avg_bedtime,smartwatch,3.156166e+16,0.8419979612640164
sin_from_avg_bedtime,smartwatch,3.156169e+16,0.8440366972477065
sin_from_avg_bedtime,smartwatch,3.156172e+16,0.8460754332313966
sin_from_avg_bedtime,smartwatch,3.156175e+16,0.8481141692150868
sin_from_avg_bedtime,smartwatch,3.156178e+16,0.8501529051987768
sin_from_avg_bedtime,smartwatch,3.156181e+16,0.8521916411824669
sin_from_avg_bedtime,smartwatch,3.156184e+16,0.854230377166157
sin_from_avg_bedtime,smartwatch,3.156187e+16,0.8562691131498472
sin_from_avg_bedtime,smartwatch,3.15619e+16,0.8583078491335373
sin_from_avg_bedtime,smartwatch,3.156193e+16,0.8603465851172274
sin_from_avg_bedtime,smartwatch,3.156196e+16,0.8623853211009175
sin_from_avg_bedtime,smartwatch,3.156199e+16,0.8644240570846076
sin_from_avg_bedtime,smartwatch,3.156202e+16,0.8664627930682978
sin_from_avg_bedtime,smartwatch,3.156205e+16,0.8685015290519879
sin_from_avg_bedtime,smartwatch,3.156208e+16,0.8705402650356779
sin_from_avg_bedtime,smartwatch,3.156211e+16,0.872579001019368
sin_from_avg_bedtime,smartwatch,3.156214e+16,0.8746177370030582
sin_from_avg_bedtime,smartwatch,3.156217e+16,0.8766564729867483
sin_from_avg_bedtime,smartwatch,3.15622e+16,0.8786952089704384
sin_from_avg_bedtime,smartwatch,3.156223e+16,0.8807339449541285
sin_from_avg_bedtime,smartwatch,3.156226e+16,0.8827726809378186
sin_from_avg_bedtime,smartwatch,3.156229e+16,0.8848114169215088
sin_from_avg_bedtime,smartwatch,3.156232e+16,0.8868501529051989
sin_from_avg_bedtime,smartwatch,3.156235e+16,0.888888888888889
sin_from_avg_bedtime,smartwatch,3.156238e+16,0.890927624872579
sin_from_avg_bedtime,smartwatch,3.156241e+16,0.8929663608562692
sin_from_avg_bedtime,smartwatch,3.156244e+16,0.8950050968399593
sin_from_avg_bedtime,smartwatch,3.156247e+16,0.8970438328236494
sin_from_avg_bedtime,smartwatch,3.15625e+16,0.8990825688073395
sin_from_avg_bedtime,smartwatch,3.156253e+16,0.9011213047910296
sin_from_avg_bedtime,smartwatch,3.156256e+16,0.9031600407747198
sin_from_avg_bedtime,smartwatch,3.156259e+16,0.9051987767584099
sin_from_avg_bedtime,smartwatch,3.156262e+16,0.9072375127421
sin_from_avg_bedtime,smartwatch,3.156265e+16,0.90927624872579
sin_from_avg_bedtime,smartwatch,3.156268e+16,0.9113149847094802
sin_from_avg_bedtime,smartwatch,3.156271e+16,0.9133537206931703
sin_from_avg_bedtime,smartwatch,3.156274e+16,0.9153924566768604
sin_from_avg_bedtime,smartwatch,3.156277e+16,0.9174311926605505
sin_from_avg_bedtime,smartwatch,3.15628e+16,0.9194699286442406
sin_from_avg_bedtime,smartwatch,3.156283e+16,0.9215086646279308
sin_from_avg_bedtime,smartwatch,3.156286e+16,0.9235474006116209
sin_from_avg_bedtime,smartwatch,3.156289e+16,0.925586136595311
sin_from_avg_bedtime,smartwatch,3.156292e+16,0.9276248725790011
sin_from_avg_bedtime,smartwatch,3.156295e+16,0.9296636085626913
sin_from_avg_bedtime,smartwatch,3.156298e+16,0.9317023445463813
sin_from_avg_bedtime,smartwatch,3.156301e+16,0.9337410805300714
sin_from_avg_bedtime,smartwatch,3.156304e+16,0.9357798165137615
sin_from_avg_bedtime,smartwatch,3.156307e+16,0.9378185524974516
sin_from_avg_bedtime,smartwatch,3.15631e+16,0.9398572884811418
sin_from_avg_bedtime,smartwatch,3.156313e+16,0.9418960244648319
sin_from_avg_bedtime,smartwatch,3.156316e+16,0.943934760448522
sin_from_avg_bedtime,smartwatch,3.156319e+16,0.9459734964322121
sin_from_avg_bedtime,smartwatch,3.156322e+16,0.9480122324159023
sin_from_avg_bedtime,smartwatch,3.156325e+16,0.9500509683995924
sin_from_avg_bedtime,smartwatch,3.156328e+16,0.9520897043832824
sin_from_avg_bedtime,smartwatch,3.156331e+16,0.9541284403669725
sin_from_avg_bedtime,smartwatch,3.156334e+16,0.9561671763506626
sin_from_avg_bedtime,smartwatch,3.156337e+16,0.9582059123343528
sin_from_avg_bedtime,smartwatch,3.15634e+16,0.9602446483180429
sin_from_avg_bedtime,smartwatch,3.156343e+16,0.962283384301733
sin_from_avg_bedtime,smartwatch,3.156346e+16,0.9643221202854231
sin_from_avg_bedtime,smartwatch,3.156349e+16,0.9663608562691133
sin_from_avg_bedtime,smartwatch,3.156352e+16,0.9683995922528034
sin_from_avg_bedtime,smartwatch,3.156355e+16,0.9704383282364935
sin_from_avg_bedtime,smartwatch,3.156358e+16,0.9724770642201835
sin_from_avg_bedtime,smartwatch,3.156361e+16,0.9745158002038736
sin_from_avg_bedtime,smartwatch,3.156364e+16,0.9765545361875638
sin_from_avg_bedtime,smartwatch,3.156367e+16,0.9785932721712539
sin_from_avg_bedtime,smartwatch,3.15637e+16,0.980632008154944
sin_from_avg_bedtime,smartwatch,3.156373e+16,0.9826707441386341
sin_from_avg_bedtime,smartwatch,3.156376e+16,0.9847094801223243
sin_from_avg_bedtime,smartwatch,3.156379e+16,0.9867482161060144
sin_from_avg_bedtime,smartwatch,3.156382e+16,0.9887869520897045
sin_from_avg_bedtime,smartwatch,3.156385e+16,0.9908256880733946
sin_from_avg_bedtime,smartwatch,3.156388e+16,0.9928644240570846
sin_from_avg_bedtime,smartwatch,3.156391e+16,0.9949031600407748
sin_from_avg_bedtime,smartwatch,3.156394e+16,0.9969418960244649
sin_from_avg_bedtime,smartwatch,3.156397e+16,0.998980632008155
sin_from_avg_bedtime,smartwatch,3.1564e+16,0.998980632008155
sin_from_avg_bedtime,smartwatch,3.156403e+16,0.9969418960244649
sin_from_avg_bedtime,smartwatch,3.156406e+16,0.9949031600407748
sin_from_avg_bedtime,smartwatch,3.156409e+16,0.9928644240570846
sin_from_avg_bedtime,smartwatch,3.156412e+16,0.9908256880733946
sin_from_avg_bedtime,smartwatch,3.156415e+16,0.9887869520897045
sin_from_avg_bedtime,smartwatch,3.156418e+16,0.9867482161060144
sin_from_avg_bedtime,smartwatch,3.156421e+16,0.9847094801223243
sin_from_avg_bedtime,smartwatch,3.156424e+16,0.9826707441386341
sin_from_avg_bedtime,smartwatch,3.156427e+16,0.980632008154944
sin_from_avg_bedtime,smartwatch,3.15643e+16,0.9785932721712539
sin_from_avg_bedtime,smartwatch,3.156433e+16,0.9765545361875638
sin_from_avg_bedtime,smartwatch,3.156436e+16,0.9745158002038736
sin_from_avg_bedtime,smartwatch,3.156439e+16,0.9724770642201835
sin_from_avg_bedtime,smartwatch,3.156442e+16,0.9704383282364935
sin_from_avg_bedtime,smartwatch,3.156445e+16,0.9683995922528034
sin_from_avg_bedtime,smartwatch,3.156448e+16,0.9663608562691133
sin_from_avg_bedtime,smartwatch,3.156451e+16,0.9643221202854231
sin_from_avg_bedtime,smartwatch,3.156454e+16,0.962283384301733
sin_from_avg_bedtime,smartwatch,3.156457e+16,0.9602446483180429
sin_from_avg_bedtime,smartwatch,3.15646e+16,0.9582059123343528
sin_from_avg_bedtime,smartwatch,3.156463e+16,0.9561671763506626
sin_from_avg_bedtime,smartwatch,3.156466e+16,0.9541284403669725
sin_from_avg_bedtime,smartwatch,3.156469e+16,0.9520897043832824
sin_from_avg_bedtime,smartwatch,3.156472e+16,0.9500509683995924
sin_from_avg_bedtime,smartwatch,3.156475e+16,0.9480122324159023
sin_from_avg_bedtime,smartwatch,3.156478e+16,0.9459734964322121
sin_from_avg_bedtime,smartwatch,3.156481e+16,0.943934760448522
sin_from_avg_bedtime,smartwatch,3.156484e+16,0.9418960244648319
sin_from_avg_bedtime,smartwatch,3.156487e+16,0.9398572884811418
sin_from_avg_bedtime,smartwatch,3.15649e+16,0.9378185524974516
sin_from_avg_bedtime,smartwatch,3.156493e+16,0.9357798165137615
sin_from_avg_bedtime,smartwatch,3.156496e+16,0.9337410805300714
sin_from_avg_bedtime,smartwatch,3.156499e+16,0.9317023445463813
sin_from_avg_bedtime,smartwatch,3.156502e+16,0.9296636085626913
sin_from_avg_bedtime,smartwatch,3.156505e+16,0.9276248725790011
sin_from_avg_bedtime,smartwatch,3.156508e+16,0.925586136595311
sin_from_avg_bedtime,smartwatch,3.156511e+16,0.9235474006116209
sin_from_avg_bedtime,smartwatch,3.156514e+16,0.9215086646279308
sin_from_avg_bedtime,smartwatch,3.156517e+16,0.9194699286442406
sin_from_avg_bedtime,smartwatch,3.15652e+16,0.9174311926605505
sin_from_avg_bedtime,smartwatch,3.156523e+16,0.9153924566768604
sin_from_avg_bedtime,smartwatch,3.156526e+16,0.9133537206931703
sin_from_avg_bedtime,smartwatch,3.156529e+16,0.9113149847094802
sin_from_avg_bedtime,smartwatch,3.156532e+16,0.90927624872579
sin_from_avg_bedtime,smartwatch,3.156535e+16,0.9072375127421
sin_from_avg_bedtime,smartwatch,3.156538e+16,0.9051987767584099
sin_from_avg_bedtime,smartwatch,3.156541e+16,0.9031600407747198
sin_from_avg_bedtime,smartwatch,3.156544e+16,0.9011213047910296
sin_from_avg_bedtime,smartwatch,3.156547e+16,0.8990825688073395
sin_from_avg_bedtime,smartwatch,3.15655e+16,0.8970438328236494
sin_from_avg_bedtime,smartwatch,3.156553e+16,0.8950050968399593
sin_from_avg_bedtime,smartwatch,3.156556e+16,0.8929663608562692
sin_from_avg_bedtime,smartwatch,3.156559e+16,0.890927624872579
sin_from_avg_bedtime,smartwatch,3.156562e+16,0.888888888888889
sin_from_avg_bedtime,smartwatch,3.156565e+16,0.8868501529051989
sin_from_avg_bedtime,smartwatch,3.156568e+16,0.8848114169215088
sin_from_avg_bedtime,smartwatch,3.156571e+16,0.8827726809378186
sin_from_avg_bedtime,smartwatch,3.156574e+16,0.8807339449541285
sin_from_avg_bedtime,smartwatch,3.156577e+16,0.8786952089704384
sin_from_avg_bedtime,smartwatch,3.15658e+16,0.8766564729867483
sin_from_avg_bedtime,smartwatch,3.156583e+16,0.8746177370030582
sin_from_avg_bedtime,smartwatch,3.156586e+16,0.872579001019368
sin_from_avg_bedtime,smartwatch,3.156589e+16,0.8705402650356779
sin_from_avg_bedtime,smartwatch,3.156592e+16,0.8685015290519879
sin_from_avg_bedtime,smartwatch,3.156595e+16,0.8664627930682978
sin_from_avg_bedtime,smartwatch,3.156598e+16,0.8644240570846076
sin_from_avg_bedtime,smartwatch,3.156601e+16,0.8623853211009175
sin_from_avg_bedtime,smartwatch,3.156604e+16,0.8603465851172274
sin_from_avg_bedtime,smartwatch,3.156607e+16,0.8583078491335373
sin_from_avg_bedtime,smartwatch,3.15661e+16,0.8562691131498472
sin_from_avg_bedtime,smartwatch,3.156613e+16,0.854230377166157
sin_from_avg_bedtime,smartwatch,3.156616e+16,0.8521916411824669
sin_from_avg_bedtime,smartwatch,3.156619e+16,0.8501529051987768
sin_from_avg_bedtime,smartwatch,3.156622e+16,0.8481141692150868
sin_from_avg_bedtime,smartwatch,3.156625e+16,0.8460754332313966
sin_from_avg_bedtime,smartwatch,3.156628e+16,0.8440366972477065
sin_from_avg_bedtime,smartwatch,3.156631e+16,0.8419979612640164
sin_from_avg_bedtime,smartwatch,3.156634e+16,0.8399592252803263
sin_from_avg_bedtime,smartwatch,3.156637e+16,0.8379204892966362
sin_from_avg_bedtime,smartwatch,3.15664e+16,0.835881753312946
sin_from_avg_bedtime,smartwatch,3.156643e+16,0.8338430173292559
sin_from_avg_bedtime,smartwatch,3.156646e+16,0.8318042813455658
sin_from_avg_bedtime,smartwatch,3.156649e+16,0.8297655453618757
sin_from_avg_bedtime,smartwatch,3.156652e+16,0.8277268093781855
sin_from_avg_bedtime,smartwatch,3.156655e+16,0.8256880733944955
sin_from_avg_bedtime,smartwatch,3.156658e+16,0.8236493374108054
sin_from_avg_bedtime,smartwatch,3.156661e+16,0.8216106014271153
sin_from_avg_bedtime,smartwatch,3.156664e+16,0.8195718654434252
sin_from_avg_bedtime,smartwatch,3.156667e+16,0.817533129459735
sin_from_avg_bedtime,smartwatch,3.15667e+16,0.8154943934760449
sin_from_avg_bedtime,smartwatch,3.156673e+16,0.8134556574923548
sin_from_avg_bedtime,smartwatch,3.156676e+16,0.8114169215086647
sin_from_avg_bedtime,smartwatch,3.156679e+16,0.8093781855249745
sin_from_avg_bedtime,smartwatch,3.156682e+16,0.8073394495412844
sin_from_avg_bedtime,smartwatch,3.156685e+16,0.8053007135575944
sin_from_avg_bedtime,smartwatch,3.156688e+16,0.8032619775739043
sin_from_avg_bedtime,smartwatch,3.156691e+16,0.8012232415902142
sin_from_avg_bedtime,smartwatch,3.156694e+16,0.799184505606524
sin_from_avg_bedtime,smartwatch,3.156697e+16,0.7971457696228339
sin_from_avg_bedtime,smartwatch,3.1567e+16,0.7951070336391438
sin_from_avg_bedtime,smartwatch,3.156703e+16,0.7930682976554537
sin_from_avg_bedtime,smartwatch,3.156706e+16,0.7910295616717635
sin_from_avg_bedtime,smartwatch,3.156709e+16,0.7889908256880734
sin_from_avg_bedtime,smartwatch,3.156712e+16,0.7869520897043834
sin_from_avg_bedtime,smartwatch,3.156715e+16,0.7849133537206933
sin_from_avg_bedtime,smartwatch,3.156718e+16,0.7828746177370032
sin_from_avg_bedtime,smartwatch,3.156721e+16,0.780835881753313
sin_from_avg_bedtime,smartwatch,3.156724e+16,0.7787971457696229
sin_from_avg_bedtime,smartwatch,3.156727e+16,0.7767584097859328
sin_from_avg_bedtime,smartwatch,3.15673e+16,0.7747196738022427
sin_from_avg_bedtime,smartwatch,3.156733e+16,0.7726809378185525
sin_from_avg_bedtime,smartwatch,3.156736e+16,0.7706422018348624
sin_from_avg_bedtime,smartwatch,3.156739e+16,0.7686034658511723
sin_from_avg_bedtime,smartwatch,3.156742e+16,0.7665647298674823
sin_from_avg_bedtime,smartwatch,3.156745e+16,0.764525993883792
sin_from_avg_bedtime,smartwatch,3.156748e+16,0.762487257900102
sin_from_avg_bedtime,smartwatch,3.156751e+16,0.7604485219164119
sin_from_avg_bedtime,smartwatch,3.156754e+16,0.7584097859327218
sin_from_avg_bedtime,smartwatch,3.156757e+16,0.7563710499490317
sin_from_avg_bedtime,smartwatch,3.15676e+16,0.7543323139653415
sin_from_avg_bedtime,smartwatch,3.156763e+16,0.7522935779816514
sin_from_avg_bedtime,smartwatch,3.156766e+16,0.7502548419979613
sin_from_avg_bedtime,smartwatch,3.156769e+16,0.7482161060142712
sin_from_avg_bedtime,smartwatch,3.156772e+16,0.746177370030581
sin_from_avg_bedtime,smartwatch,3.156775e+16,0.744138634046891
sin_from_avg_bedtime,smartwatch,3.156778e+16,0.7420998980632009
sin_from_avg_bedtime,smartwatch,3.156781e+16,0.7400611620795108
sin_from_avg_bedtime,smartwatch,3.156784e+16,0.7380224260958207
sin_from_avg_bedtime,smartwatch,3.156787e+16,0.7359836901121305
sin_from_avg_bedtime,smartwatch,3.15679e+16,0.7339449541284404
sin_from_avg_bedtime,smartwatch,3.156793e+16,0.7319062181447503
sin_from_avg_bedtime,smartwatch,3.156796e+16,0.7298674821610602
sin_from_avg_bedtime,smartwatch,3.156799e+16,0.72782874617737
sin_from_avg_bedtime,smartwatch,3.156802e+16,0.72579001019368
sin_from_avg_bedtime,smartwatch,3.156805e+16,0.7237512742099899
sin_from_avg_bedtime,smartwatch,3.156808e+16,0.7217125382262998
sin_from_avg_bedtime,smartwatch,3.156811e+16,0.7196738022426097
sin_from_avg_bedtime,smartwatch,3.156814e+16,0.7176350662589195
sin_from_avg_bedtime,smartwatch,3.156817e+16,0.7155963302752294
sin_from_avg_bedtime,smartwatch,3.15682e+16,0.7135575942915393
sin_from_avg_bedtime,smartwatch,3.156823e+16,0.7115188583078492
sin_from_avg_bedtime,smartwatch,3.156826e+16,0.709480122324159
sin_from_avg_bedtime,smartwatch,3.156829e+16,0.7074413863404689
sin_from_avg_bedtime,smartwatch,3.156832e+16,0.7054026503567788
sin_from_avg_bedtime,smartwatch,3.156835e+16,0.7033639143730888
sin_from_avg_bedtime,smartwatch,3.156838e+16,0.7013251783893987
sin_from_avg_bedtime,smartwatch,3.156841e+16,0.6992864424057085
sin_from_avg_bedtime,smartwatch,3.156844e+16,0.6972477064220184
sin_from_avg_bedtime,smartwatch,3.156847e+16,0.6952089704383283
sin_from_avg_bedtime,smartwatch,3.15685e+16,0.6931702344546382
sin_from_avg_bedtime,smartwatch,3.156853e+16,0.691131498470948
sin_from_avg_bedtime,smartwatch,3.156856e+16,0.6890927624872579
sin_from_avg_bedtime,smartwatch,3.156859e+16,0.6870540265035678
sin_from_avg_bedtime,smartwatch,3.156862e+16,0.6850152905198778
sin_from_avg_bedtime,smartwatch,3.156865e+16,0.6829765545361877
sin_from_avg_bedtime,smartwatch,3.156868e+16,0.6809378185524975
sin_from_avg_bedtime,smartwatch,3.156871e+16,0.6788990825688074
sin_from_avg_bedtime,smartwatch,3.156874e+16,0.6768603465851173
sin_from_avg_bedtime,smartwatch,3.156877e+16,0.6748216106014272
sin_from_avg_bedtime,smartwatch,3.15688e+16,0.672782874617737
sin_from_avg_bedtime,smartwatch,3.156883e+16,0.6707441386340469
sin_from_avg_bedtime,smartwatch,3.156886e+16,0.6687054026503568
sin_from_avg_bedtime,smartwatch,3.156889e+16,0.6666666666666667
sin_from_avg_bedtime,smartwatch,3.156892e+16,0.6646279306829767
sin_from_avg_bedtime,smartwatch,3.156895e+16,0.6625891946992865
sin_from_avg_bedtime,smartwatch,3.156898e+16,0.6605504587155964
sin_from_avg_bedtime,smartwatch,3.156901e+16,0.6585117227319063
sin_from_avg_bedtime,smartwatch,3.156904e+16,0.6564729867482162
sin_from_avg_bedtime,smartwatch,3.156907e+16,0.654434250764526
sin_from_avg_bedtime,smartwatch,3.15691e+16,0.6523955147808359
sin_from_avg_bedtime,smartwatch,3.156913e+16,0.6503567787971458
sin_from_avg_bedtime,smartwatch,3.156916e+16,0.6483180428134557
sin_from_avg_bedtime,smartwatch,3.156919e+16,0.6462793068297656
sin_from_avg_bedtime,smartwatch,3.156922e+16,0.6442405708460754
sin_from_avg_bedtime,smartwatch,3.156925e+16,0.6422018348623854
sin_from_avg_bedtime,smartwatch,3.156928e+16,0.6401630988786953
sin_from_avg_bedtime,smartwatch,3.156931e+16,0.6381243628950052
sin_from_avg_bedtime,smartwatch,3.156934e+16,0.636085626911315
sin_from_avg_bedtime,smartwatch,3.156937e+16,0.6340468909276249
sin_from_avg_bedtime,smartwatch,3.15694e+16,0.6320081549439348
sin_from_avg_bedtime,smartwatch,3.156943e+16,0.6299694189602447
